run,signal,positives,negatives,auc,ci_lo,ci_hi,auc_scorer,ratio,n_pos,n_neg,boot_skipped
R1_t6,epi,fall,scorer,0.9744,0.9542828644271504,0.9889072476496055,0.9744,2.325331430850046,13,5000,0
R1_t6,epi,fall,clean,0.9735384615384616,0.9551249409518597,0.9877441697562619,0.9735384615384616,2.3026125525966323,13,5000,0
R1_t6,epi,pre1,scorer,0.9811846153846154,0.9635221778582226,0.9922582624566235,0.9811846153846154,2.435982569422086,13,5000,0
R1_t6,epi,pre1,clean,0.9796461538461538,0.963010506417285,0.9911218852065579,0.9796461538461538,2.412182610978353,13,5000,0
R1_t6,epi,pre5,scorer,0.9652538461538461,0.9421562531250348,0.9845518503210666,0.9652615384615385,2.1630504649071267,13,5000,0
R1_t6,epi,pre5,clean,0.9649846153846153,0.9430119631897589,0.9835571253847194,0.9649846153846153,2.1419170989205627,13,5000,0
R1_t6,epi,lead0,scorer,0.9744,0.9542828644271504,0.9889072476496055,0.9744,2.325331430850046,13,5000,0
R1_t6,epi,lead0,clean,0.9735384615384616,0.9551249409518597,0.9877441697562619,0.9735384615384616,2.3026125525966323,13,5000,0
R1_t6,epi,lead1,scorer,0.9811846153846154,0.9635221778582226,0.9922582624566235,0.9811846153846154,2.435982569422086,13,5000,0
R1_t6,epi,lead1,clean,0.9796461538461538,0.963010506417285,0.9911218852065579,0.9796461538461538,2.412182610978353,13,5000,0
R1_t6,epi,lead2,scorer,0.9700230769230769,0.9493040065904835,0.9866197270193742,0.9700153846153846,2.1945739856759108,13,5000,0
R1_t6,epi,lead2,clean,0.9686769230769231,0.9487390462573794,0.9857775014659974,0.9686769230769231,2.173132629602014,13,5000,0
R1_t6,epi,lead3,scorer,0.9658384615384615,0.9433713952200946,0.9849783486304788,0.9658307692307693,2.1516993856831084,13,5000,0
R1_t6,epi,lead3,clean,0.965323076923077,0.9446141536902306,0.9841895817809184,0.965323076923077,2.1306769216451933,13,5000,0
R1_t6,epi,lead5,scorer,0.9652538461538461,0.9421562531250348,0.9845518503210666,0.9652615384615385,2.1630504649071267,13,5000,0
R1_t6,epi,lead5,clean,0.9649846153846153,0.9430119631897589,0.9835571253847194,0.9649846153846153,2.1419170989205627,13,5000,0
R1_t6,epi,lead10,scorer,0.9577538461538462,0.9295002177391601,0.9813650355809517,0.9577538461538462,2.024322917879966,13,5000,0
R1_t6,epi,lead10,clean,0.9574461538461538,0.9312466755686526,0.9803016436658143,0.9574461538461538,2.004544943305349,13,5000,0
R1_t6,epi,lead15,scorer,0.958123076923077,0.9291021470048888,0.9825118523259705,0.958123076923077,2.2466389517468,13,5000,0
R1_t6,epi,lead15,clean,0.9582153846153846,0.9312948644736837,0.9809759645820616,0.9582153846153846,2.224688912218261,13,5000,0
R1_t6,epi,lead20,scorer,0.9455692307692307,0.9104196394183214,0.9756974804534702,0.9455692307692307,1.980791108351428,13,5000,0
R1_t6,epi,lead20,clean,0.9458153846153846,0.9133320354976024,0.9743389100328931,0.9458153846153846,1.9614384468602317,13,5000,0
R1_t6,epi,lead25,scorer,0.9314153846153846,0.8770495266912705,0.9775480398905203,0.9314153846153846,1.9883078589359864,13,5000,0
R1_t6,epi,lead25,clean,0.9317538461538462,0.8773916601784483,0.975758431602618,0.9317538461538462,1.968881757530322,13,5000,0
R1_t6,epi,lead50,scorer,0.9213692307692307,0.8752778492397502,0.9650757174998194,0.9213846153846154,1.8147143789565512,13,5000,0
R1_t6,epi,lead50,clean,0.9232307692307692,0.8772139459256703,0.9642960580331462,0.9232307692307692,1.796984314978032,13,5000,0
R1_t6,alea,fall,scorer,0.7143076923076923,0.49477858039194317,0.9192348310424118,0.714076923076923,1.00006478151739,13,5000,0
R1_t6,alea,fall,clean,0.7161846153846154,0.49809314340067556,0.9206643755408881,0.7161692307692308,1.0000652135423527,13,5000,0
R1_t6,alea,pre1,scorer,0.6845,0.44819385706749504,0.8901514873930293,0.6842923076923076,1.000051464262234,13,5000,0
R1_t6,alea,pre1,clean,0.6848923076923077,0.44639413803060013,0.8906247248830599,0.6851076923076923,1.0000518962814438,13,5000,0
R1_t6,alea,pre5,scorer,0.7280230769230769,0.5004730468380773,0.9184099821230617,0.7281692307692308,1.0002169143582562,13,5000,0
R1_t6,alea,pre5,clean,0.7303923076923077,0.5012293586931823,0.922081669473395,0.7304923076923077,1.00021734644894,13,5000,0
R1_t6,alea,lead0,scorer,0.7143076923076923,0.49477858039194317,0.9192348310424118,0.714076923076923,1.00006478151739,13,5000,0
R1_t6,alea,lead0,clean,0.7161846153846154,0.49809314340067556,0.9206643755408881,0.7161692307692308,1.0000652135423527,13,5000,0
R1_t6,alea,lead1,scorer,0.6845,0.44819385706749504,0.8901514873930293,0.6842923076923076,1.000051464262234,13,5000,0
R1_t6,alea,lead1,clean,0.6848923076923077,0.44639413803060013,0.8906247248830599,0.6851076923076923,1.0000518962814438,13,5000,0
R1_t6,alea,lead2,scorer,0.7414384615384615,0.5344212947324478,0.9120580260525423,0.7414307692307692,1.0001104297692949,13,5000,0
R1_t6,alea,lead2,clean,0.7435846153846154,0.535404673615436,0.9149170607308686,0.7435846153846154,1.0001108618139773,13,5000,0
R1_t6,alea,lead3,scorer,0.738376923076923,0.5251826321458064,0.9230934721603381,0.7383538461538461,1.000136667205485,13,5000,0
R1_t6,alea,lead3,clean,0.7395307692307692,0.5241568153110691,0.9243913414924457,0.7393384615384615,1.000137099261502,13,5000,0
R1_t6,alea,lead5,scorer,0.7280230769230769,0.5004730468380773,0.9184099821230617,0.7281692307692308,1.0002169143582562,13,5000,0
R1_t6,alea,lead5,clean,0.7303923076923077,0.5012293586931823,0.922081669473395,0.7304923076923077,1.00021734644894,13,5000,0
R1_t6,alea,lead10,scorer,0.7038307692307693,0.47711811863482306,0.8799228811472591,0.7037692307692308,1.000139652897438,13,5000,0
R1_t6,alea,lead10,clean,0.7056384615384615,0.47940462399739336,0.8818398390486164,0.7056,1.0001400849547448,13,5000,0
R1_t6,alea,lead15,scorer,0.7672230769230769,0.5896140289036921,0.9233479534476857,0.7672923076923077,1.000075265801409,13,5000,0
R1_t6,alea,lead15,clean,0.7687538461538461,0.5888914412763754,0.9270402849045024,0.7687692307692308,1.000075697830901,13,5000,0
R1_t6,alea,lead20,scorer,0.8747846153846154,0.795293741771934,0.9388661166571283,0.8748307692307692,1.0000767624654059,13,5000,0
R1_t6,alea,lead20,clean,0.8785384615384615,0.8017751287092398,0.9412605115347222,0.8785692307692308,1.0000771944955442,13,5000,0
R1_t6,alea,lead25,scorer,0.8952538461538462,0.8200558504159434,0.9609414832142203,0.8953076923076924,1.0001270457940765,13,5000,0
R1_t6,alea,lead25,clean,0.8988461538461539,0.8249531842522935,0.9627582751037111,0.8989538461538461,1.0001274778459373,13,5000,0
R1_t6,alea,lead50,scorer,0.9040076923076923,0.8240469786412411,0.9624523996149037,0.9040461538461538,1.0000810997365805,13,5000,0
R1_t6,alea,lead50,clean,0.9069384615384616,0.8285125704064794,0.9622114717912649,0.9069692307692307,1.0000815317685927,13,5000,0
R1_t6,term,fall,scorer,0.9998846153846154,0.9996265661885698,1.0,0.9998923076923077,60.18657101098584,13,5000,0
R1_t6,term,fall,clean,0.9998461538461538,0.9995326339839555,1.0,0.9998461538461538,60.43498686714597,13,5000,0
R1_t6,term,pre1,scorer,0.9870153846153846,0.9733597826808775,0.9963154613773441,0.987,41.39259045197725,13,5000,0
R1_t6,term,pre1,clean,0.9874153846153846,0.9740075269226398,0.9969228719840795,0.9874153846153846,41.563435469779265,13,5000,0
R1_t6,term,pre5,scorer,0.9867076923076923,0.9722292370218669,0.9968165331601893,0.9866923076923076,45.72398180509676,13,5000,0
R1_t6,term,pre5,clean,0.9866769230769231,0.9719406031677572,0.9970739301530427,0.9866769230769231,45.912704337322275,13,5000,0
R1_t6,term,lead0,scorer,0.9998846153846154,0.9996265661885698,1.0,0.9998923076923077,60.18657101098584,13,5000,0
R1_t6,term,lead0,clean,0.9998461538461538,0.9995326339839555,1.0,0.9998461538461538,60.43498686714597,13,5000,0
R1_t6,term,lead1,scorer,0.9870153846153846,0.9733597826808775,0.9963154613773441,0.987,41.39259045197725,13,5000,0
R1_t6,term,lead1,clean,0.9874153846153846,0.9740075269226398,0.9969228719840795,0.9874153846153846,41.563435469779265,13,5000,0
R1_t6,term,lead2,scorer,0.9803846153846154,0.9632532457312549,0.993210038828508,0.9803692307692308,24.10250960441023,13,5000,0
R1_t6,term,lead2,clean,0.980476923076923,0.9633603348076041,0.9939137260919854,0.980476923076923,24.20199102457445,13,5000,0
R1_t6,term,lead3,scorer,0.9794,0.9618360011534904,0.9928858057581591,0.9794153846153846,30.99537265478297,13,5000,0
R1_t6,term,lead3,clean,0.9796461538461538,0.9618046789487634,0.9936368596580878,0.9796461538461538,31.12330388438625,13,5000,0
R1_t6,term,lead5,scorer,0.9867076923076923,0.9722292370218669,0.9968165331601893,0.9866923076923076,45.72398180509676,13,5000,0
R1_t6,term,lead5,clean,0.9866769230769231,0.9719406031677572,0.9970739301530427,0.9866769230769231,45.912704337322275,13,5000,0
R1_t6,term,lead10,scorer,0.8967076923076923,0.7267273912766812,0.9878599999009622,0.8967076923076923,32.03143625804259,13,5000,0
R1_t6,term,lead10,clean,0.8972923076923077,0.7258280741156544,0.9887033485491324,0.8972923076923077,32.163643767598636,13,5000,0
R1_t6,term,lead15,scorer,0.9007,0.725195136471371,0.9882216874118586,0.9006923076923077,23.995022192904383,13,5000,0
R1_t6,term,lead15,clean,0.9009230769230769,0.7248104752510867,0.9891448448631146,0.9009230769230769,24.094059966306425,13,5000,0
R1_t6,term,lead20,scorer,0.8984923076923077,0.7221607238659891,0.9864161388583031,0.8984923076923077,19.689758808333476,13,5000,0
R1_t6,term,lead20,clean,0.8987615384615385,0.7222455642511597,0.987194975613802,0.8987692307692308,19.771026908672106,13,5000,0
R1_t6,term,lead25,scorer,0.830076923076923,0.6169695795457278,0.9804076857490769,0.8300923076923077,14.006744572540523,13,5000,0
R1_t6,term,lead25,clean,0.8294230769230769,0.6165439373740864,0.9808979228349056,0.8294153846153847,14.064556429680033,13,5000,0
R1_t6,term,lead50,scorer,0.738,0.5150047796022732,0.9279466887342325,0.738,5.779607885268274,13,5000,0
R1_t6,term,lead50,clean,0.7385846153846154,0.5170641441947198,0.9293924561650585,0.7385846153846154,5.803462811989831,13,5000,0
R1_t6,term_logit,fall,scorer,0.9998769230769231,0.9996169502967455,1.0,0.9998769230769231,19729513975290.152,13,5000,0
R1_t6,term_logit,fall,clean,0.9998461538461538,0.9995190211850552,1.0,0.9998461538461538,19729513975290.152,13,5000,0
R1_t6,term_logit,pre1,scorer,0.9870153846153846,0.9733597826808775,0.9963154613773441,0.987,4331291845211.6157,13,5000,0
R1_t6,term_logit,pre1,clean,0.9874153846153846,0.9740075269226398,0.9969228719840795,0.9874153846153846,4331291845211.6157,13,5000,0
R1_t6,term_logit,pre5,scorer,0.9867153846153847,0.9722299641042308,0.9968165331601893,0.9867076923076923,2490996030660.7764,13,5000,0
R1_t6,term_logit,pre5,clean,0.9866769230769231,0.9719406031677572,0.9970739301530427,0.9866769230769231,2490996030660.7764,13,5000,0
R1_t6,term_logit,lead0,scorer,0.9998769230769231,0.9996169502967455,1.0,0.9998769230769231,19729513975290.152,13,5000,0
R1_t6,term_logit,lead0,clean,0.9998461538461538,0.9995190211850552,1.0,0.9998461538461538,19729513975290.152,13,5000,0
R1_t6,term_logit,lead1,scorer,0.9870153846153846,0.9733597826808775,0.9963154613773441,0.987,4331291845211.6157,13,5000,0
R1_t6,term_logit,lead1,clean,0.9874153846153846,0.9740075269226398,0.9969228719840795,0.9874153846153846,4331291845211.6157,13,5000,0
R1_t6,term_logit,lead2,scorer,0.9803923076923077,0.9632532457312549,0.9932259762054985,0.9803846153846154,1388671471522.4048,13,5000,0
R1_t6,term_logit,lead2,clean,0.980476923076923,0.9633603348076041,0.9939137260919854,0.980476923076923,1388671471522.4048,13,5000,0
R1_t6,term_logit,lead3,scorer,0.9793923076923077,0.9618285041522909,0.9928858057581591,0.9794,-66908199053.544266,13,5000,0
R1_t6,term_logit,lead3,clean,0.9796307692307692,0.9617851878753788,0.993636550619322,0.9796307692307692,-66908199053.544266,13,5000,0
R1_t6,term_logit,lead5,scorer,0.9867153846153847,0.9722299641042308,0.9968165331601893,0.9867076923076923,2490996030660.7764,13,5000,0
R1_t6,term_logit,lead5,clean,0.9866769230769231,0.9719406031677572,0.9970739301530427,0.9866769230769231,2490996030660.7764,13,5000,0
R1_t6,term_logit,lead10,scorer,0.8967076923076923,0.7267273912766812,0.9878599999009622,0.8967076923076923,-5180905983998.226,13,5000,0
R1_t6,term_logit,lead10,clean,0.8972923076923077,0.7258280741156544,0.9887033485491324,0.8972923076923077,-5180905983998.226,13,5000,0
R1_t6,term_logit,lead15,scorer,0.9006923076923077,0.7251623408019713,0.9881770874393047,0.9006923076923077,-6559626157467.183,13,5000,0
R1_t6,term_logit,lead15,clean,0.9009230769230769,0.7248104752510867,0.9891448448631146,0.9009230769230769,-6559626157467.183,13,5000,0
R1_t6,term_logit,lead20,scorer,0.8984923076923077,0.7221607238659891,0.9864161388583031,0.8984923076923077,-7515094796052.347,13,5000,0
R1_t6,term_logit,lead20,clean,0.8987692307692308,0.722277737211188,0.987194975613802,0.8987692307692308,-7515094796052.347,13,5000,0
R1_t6,term_logit,lead25,scorer,0.830076923076923,0.61696896353942,0.9804076857490769,0.830076923076923,-11441491823930.006,13,5000,0
R1_t6,term_logit,lead25,clean,0.8294153846153847,0.6165439373740864,0.9808973684988893,0.8294153846153847,-11441491823930.006,13,5000,0
R1_t6,term_logit,lead50,scorer,0.738,0.5150047796022732,0.9279466887342325,0.738,-16278832903275.123,13,5000,0
R1_t6,term_logit,lead50,clean,0.7385846153846154,0.5170641441947198,0.9293924561650585,0.7385846153846154,-16278832903275.123,13,5000,0
R1_t6,knn1,fall,scorer,0.31384615384615383,0.19794168676993834,0.44636531965945625,0.31384615384615383,0.9004425747894798,13,5000,0
R1_t6,knn1,fall,clean,0.3129692307692308,0.19242806784937658,0.4482732783634051,0.3129692307692308,0.9002923028621425,13,5000,0
R1_t6,knn1,pre1,scorer,0.3956153846153846,0.3027144974407601,0.49722296180748893,0.39563076923076923,0.9417224277261718,13,5000,0
R1_t6,knn1,pre1,clean,0.3988153846153846,0.3017728690556914,0.5020888763831458,0.3988153846153846,0.9415652667386826,13,5000,0
R1_t6,knn1,pre5,scorer,0.39345384615384615,0.3247193988832007,0.4656462562297494,0.39344615384615383,0.9323191287963536,13,5000,0
R1_t6,knn1,pre5,clean,0.39633846153846153,0.3276328462759706,0.47225145574673705,0.39633846153846153,0.9321635370947835,13,5000,0
R1_t6,knn1,lead0,scorer,0.31384615384615383,0.19794168676993834,0.44636531965945625,0.31384615384615383,0.9004425747894798,13,5000,0
R1_t6,knn1,lead0,clean,0.3129692307692308,0.19242806784937658,0.4482732783634051,0.3129692307692308,0.9002923028621425,13,5000,0
R1_t6,knn1,lead1,scorer,0.3956153846153846,0.3027144974407601,0.49722296180748893,0.39563076923076923,0.9417224277261718,13,5000,0
R1_t6,knn1,lead1,clean,0.3988153846153846,0.3017728690556914,0.5020888763831458,0.3988153846153846,0.9415652667386826,13,5000,0
R1_t6,knn1,lead2,scorer,0.40857692307692306,0.319026598426619,0.49929299014988426,0.4085846153846154,0.9398055389651805,13,5000,0
R1_t6,knn1,lead2,clean,0.4113076923076923,0.32039040409226,0.5079853180343828,0.4113076923076923,0.9396486978810107,13,5000,0
R1_t6,knn1,lead3,scorer,0.4379461538461539,0.36573313601652707,0.5079797489207235,0.43793846153846155,0.9476824534056961,13,5000,0
R1_t6,knn1,lead3,clean,0.44213846153846154,0.37258880274212614,0.5126361477016753,0.44213846153846154,0.9475242977689413,13,5000,0
R1_t6,knn1,lead5,scorer,0.39345384615384615,0.3247193988832007,0.4656462562297494,0.39344615384615383,0.9323191287963536,13,5000,0
R1_t6,knn1,lead5,clean,0.39633846153846153,0.3276328462759706,0.47225145574673705,0.39633846153846153,0.9321635370947835,13,5000,0
R1_t6,knn1,lead10,scorer,0.44127692307692307,0.3243842809020855,0.5665283253249596,0.44127692307692307,0.9686764153322293,13,5000,0
R1_t6,knn1,lead10,clean,0.4448923076923077,0.3268524327773081,0.5692100329555039,0.4448923076923077,0.9685147560815744,13,5000,0
R1_t6,knn1,lead15,scorer,0.5209846153846154,0.38463947732106957,0.6697049806929452,0.5209846153846154,1.016584893654334,13,5000,0
R1_t6,knn1,lead15,clean,0.5239538461538461,0.3883642775109438,0.6683325135506687,0.5239538461538461,1.0164152391138352,13,5000,0
R1_t6,knn1,lead20,scorer,0.47463076923076924,0.33488956419033,0.6366499079487159,0.47463076923076924,0.9963741435719228,13,5000,0
R1_t6,knn1,lead20,clean,0.47489230769230767,0.33416273806776764,0.6357982088298041,0.47489230769230767,0.9962078619376513,13,5000,0
R1_t6,knn1,lead25,scorer,0.4697230769230769,0.31819552971482734,0.6373619224380317,0.4697230769230769,1.0046298385029546,13,5000,0
R1_t6,knn1,lead25,clean,0.4715384615384615,0.31591317285030707,0.6392368245161727,0.4715384615384615,1.0044621791026562,13,5000,0
R1_t6,knn1,lead50,scorer,0.5683538461538461,0.38977726831095527,0.749270686748695,0.5683384615384616,1.0609720277125638,13,5000,0
R1_t6,knn1,lead50,clean,0.5686615384615384,0.38822474600498724,0.749524558191905,0.5686615384615384,1.0607949655478914,13,5000,0
R1_t6,knn5,fall,scorer,0.35341538461538463,0.24959597274705253,0.47135437938262736,0.35341538461538463,0.9358013374594891,13,5000,0
R1_t6,knn5,fall,clean,0.35078461538461536,0.24386339878512173,0.4727184574691827,0.35078461538461536,0.9354531194492942,13,5000,0
R1_t6,knn5,pre1,scorer,0.41367692307692305,0.30345517762027197,0.5306399750606795,0.41366153846153847,0.9649022982388907,13,5000,0
R1_t6,knn5,pre1,clean,0.41584615384615387,0.3000475322747882,0.5353889131733972,0.41584615384615387,0.9645432515642648,13,5000,0
R1_t6,knn5,pre5,scorer,0.4491,0.3680503219345225,0.532503943317224,0.4491076923076923,0.9651529751598122,13,5000,0
R1_t6,knn5,pre5,clean,0.4544615384615385,0.3720270275079755,0.5380221973934678,0.4544615384615385,0.9647938352066077,13,5000,0
R1_t6,knn5,lead0,scorer,0.35341538461538463,0.24959597274705253,0.47135437938262736,0.35341538461538463,0.9358013374594891,13,5000,0
R1_t6,knn5,lead0,clean,0.35078461538461536,0.24386339878512173,0.4727184574691827,0.35078461538461536,0.9354531194492942,13,5000,0
R1_t6,knn5,lead1,scorer,0.41367692307692305,0.30345517762027197,0.5306399750606795,0.41366153846153847,0.9649022982388907,13,5000,0
R1_t6,knn5,lead1,clean,0.41584615384615387,0.3000475322747882,0.5353889131733972,0.41584615384615387,0.9645432515642648,13,5000,0
R1_t6,knn5,lead2,scorer,0.44114615384615385,0.3497229425660218,0.5392369468191437,0.44113846153846153,0.9671128713145867,13,5000,0
R1_t6,knn5,lead2,clean,0.44504615384615387,0.35101217017366,0.5451274840387761,0.44504615384615387,0.9667530020707604,13,5000,0
R1_t6,knn5,lead3,scorer,0.4757769230769231,0.39941356814036855,0.553677392599149,0.47578461538461536,0.9757792335344455,13,5000,0
R1_t6,knn5,lead3,clean,0.4806,0.4020275022643867,0.5605631586213704,0.4806,0.9754161394785924,13,5000,0
R1_t6,knn5,lead5,scorer,0.4491,0.3680503219345225,0.532503943317224,0.4491076923076923,0.9651529751598122,13,5000,0
R1_t6,knn5,lead5,clean,0.4544615384615385,0.3720270275079755,0.5380221973934678,0.4544615384615385,0.9647938352066077,13,5000,0
R1_t6,knn5,lead10,scorer,0.5124153846153846,0.41544572708040384,0.6146449457058568,0.5124153846153846,1.005593607423258,13,5000,0
R1_t6,knn5,lead10,clean,0.5166307692307692,0.42222811266105387,0.616167470055774,0.5166307692307692,1.0052194192371284,13,5000,0
R1_t6,knn5,lead15,scorer,0.5704615384615385,0.4390237842859569,0.7113206296506684,0.5704615384615385,1.0404649074869234,13,5000,0
R1_t6,knn5,lead15,clean,0.5727692307692308,0.4408849233318389,0.7131974796330901,0.5727692307692308,1.0400777434540673,13,5000,0
R1_t6,knn5,lead20,scorer,0.5320769230769231,0.38630197678913347,0.6836187703000036,0.5320769230769231,1.0275751644719666,13,5000,0
R1_t6,knn5,lead20,clean,0.535876923076923,0.39200698833145037,0.6870927768296182,0.535876923076923,1.027192796799711,13,5000,0
R1_t6,knn5,lead25,scorer,0.5084461538461539,0.36729304578015126,0.6685967294491575,0.5084461538461539,1.0236737507964673,13,5000,0
R1_t6,knn5,lead25,clean,0.5106923076923077,0.3725898796531629,0.6674807847783375,0.5106923076923077,1.0232928348666408,13,5000,0
R1_t6,knn5,lead50,scorer,0.5790307692307692,0.40851111566090204,0.7557994797607909,0.5790461538461539,1.0675419134939608,13,5000,0
R1_t6,knn5,lead50,clean,0.5816,0.411014476014476,0.7563755577804429,0.5816,1.0671446739239407,13,5000,0
R1_t6,knn10,fall,scorer,0.3980461538461538,0.2907886540042175,0.5163551147807787,0.3980461538461538,0.9582496251677908,13,5000,0
R1_t6,knn10,fall,clean,0.3997538461538461,0.2905496014166436,0.5187713828849824,0.3997538461538461,0.9577198183472491,13,5000,0
R1_t6,knn10,pre1,scorer,0.43812307692307695,0.32437715891515584,0.5603512292911593,0.43813846153846153,0.9860626201647196,13,5000,0
R1_t6,knn10,pre1,clean,0.4411076923076923,0.3219712438018397,0.5662758494318911,0.4411076923076923,0.9855174358119961,13,5000,0
R1_t6,knn10,pre5,scorer,0.4768846153846154,0.3935398111579132,0.563731910217028,0.47689230769230767,0.9852849025070384,13,5000,0
R1_t6,knn10,pre5,clean,0.4814,0.397980687618482,0.5698998496826387,0.4814,0.984740148146781,13,5000,0
R1_t6,knn10,lead0,scorer,0.3980461538461538,0.2907886540042175,0.5163551147807787,0.3980461538461538,0.9582496251677908,13,5000,0
R1_t6,knn10,lead0,clean,0.3997538461538461,0.2905496014166436,0.5187713828849824,0.3997538461538461,0.9577198183472491,13,5000,0
R1_t6,knn10,lead1,scorer,0.43812307692307695,0.32437715891515584,0.5603512292911593,0.43813846153846153,0.9860626201647196,13,5000,0
R1_t6,knn10,lead1,clean,0.4411076923076923,0.3219712438018397,0.5662758494318911,0.4411076923076923,0.9855174358119961,13,5000,0
R1_t6,knn10,lead2,scorer,0.47405384615384616,0.3853285584058355,0.568968739634506,0.47404615384615384,0.9895368798027829,13,5000,0
R1_t6,knn10,lead2,clean,0.479,0.38758610423478945,0.57556825161768,0.479,0.9889897745659765,13,5000,0
R1_t6,knn10,lead3,scorer,0.4988230769230769,0.41438978775312263,0.5836357513895791,0.4988153846153846,0.9959440845138402,13,5000,0
R1_t6,knn10,lead3,clean,0.5037538461538461,0.4178367868564877,0.5912554234677774,0.5037538461538461,0.9953934367963821,13,5000,0
R1_t6,knn10,lead5,scorer,0.4768846153846154,0.3935398111579132,0.563731910217028,0.47689230769230767,0.9852849025070384,13,5000,0
R1_t6,knn10,lead5,clean,0.4814,0.397980687618482,0.5698998496826387,0.4814,0.984740148146781,13,5000,0
R1_t6,knn10,lead10,scorer,0.5427538461538461,0.44402606418588064,0.6444190643207834,0.5427538461538461,1.0227857431563596,13,5000,0
R1_t6,knn10,lead10,clean,0.5471538461538461,0.4562440369289539,0.6436399421058928,0.5471538461538461,1.0222202549490649,13,5000,0
R1_t6,knn10,lead15,scorer,0.5922153846153846,0.46514384537528336,0.7256827629203965,0.5922153846153846,1.054159454075009,13,5000,0
R1_t6,knn10,lead15,clean,0.5962307692307692,0.46767495404308324,0.7266263112550726,0.5962307692307692,1.053576619650618,13,5000,0
R1_t6,knn10,lead20,scorer,0.5711384615384615,0.43215838126751527,0.7130131189799688,0.5711384615384615,1.04592218451841,13,5000,0
R1_t6,knn10,lead20,clean,0.5751076923076923,0.43605461039338994,0.7142075457523352,0.5751076923076923,1.0453439043995767,13,5000,0
R1_t6,knn10,lead25,scorer,0.5494153846153846,0.4217553625133631,0.6944786321312673,0.5494153846153846,1.041649567579615,13,5000,0
R1_t6,knn10,lead25,clean,0.5538,0.42666527563361706,0.6965683480897871,0.5538,1.0410736497487871,13,5000,0
R1_t6,knn10,lead50,scorer,0.6106153846153846,0.455700242587048,0.7721094138936035,0.6106153846153846,1.081147590658128,13,5000,0
R1_t6,knn10,lead50,clean,0.6132923076923077,0.45513114326885323,0.7754624691956256,0.6132923076923077,1.0805498347576832,13,5000,0
R1_t6,knn50,fall,scorer,0.5040923076923077,0.3959134765325119,0.6187695102881836,0.5040923076923077,1.0148785873362935,13,5000,0
R1_t6,knn50,fall,clean,0.5054615384615384,0.39795528366988964,0.6184474331320056,0.5054615384615384,1.0133530629725287,13,5000,0
R1_t6,knn50,pre1,scorer,0.5658461538461539,0.453843447778803,0.6812744063405002,0.5658307692307692,1.0461196093333378,13,5000,0
R1_t6,knn50,pre1,clean,0.5640923076923077,0.4500214316087745,0.6781806375552475,0.5640923076923077,1.0445471247313727,13,5000,0
R1_t6,knn50,pre5,scorer,0.5625461538461538,0.47455084697869504,0.64965156994529,0.5625538461538462,1.037084769679615,13,5000,0
R1_t6,knn50,pre5,clean,0.5624769230769231,0.4761085195341593,0.6512665552873432,0.5624769230769231,1.0355258658824738,13,5000,0
R1_t6,knn50,lead0,scorer,0.5040923076923077,0.3959134765325119,0.6187695102881836,0.5040923076923077,1.0148785873362935,13,5000,0
R1_t6,knn50,lead0,clean,0.5054615384615384,0.39795528366988964,0.6184474331320056,0.5054615384615384,1.0133530629725287,13,5000,0
R1_t6,knn50,lead1,scorer,0.5658461538461539,0.453843447778803,0.6812744063405002,0.5658307692307692,1.0461196093333378,13,5000,0
R1_t6,knn50,lead1,clean,0.5640923076923077,0.4500214316087745,0.6781806375552475,0.5640923076923077,1.0445471247313727,13,5000,0
R1_t6,knn50,lead2,scorer,0.5684384615384616,0.4810144914634977,0.6626265228802172,0.5684307692307692,1.0444103343580247,13,5000,0
R1_t6,knn50,lead2,clean,0.5679692307692308,0.4776498294061037,0.6634965400489761,0.5679692307692308,1.0428404190689327,13,5000,0
R1_t6,knn50,lead3,scorer,0.5828538461538462,0.4965704565365002,0.6717747730535387,0.5828615384615384,1.0486170535885897,13,5000,0
R1_t6,knn50,lead3,clean,0.5827692307692308,0.49528163015120413,0.6711575564197193,0.5827692307692308,1.0470408149296309,13,5000,0
R1_t6,knn50,lead5,scorer,0.5625461538461538,0.47455084697869504,0.64965156994529,0.5625538461538462,1.037084769679615,13,5000,0
R1_t6,knn50,lead5,clean,0.5624769230769231,0.4761085195341593,0.6512665552873432,0.5624769230769231,1.0355258658824738,13,5000,0
R1_t6,knn50,lead10,scorer,0.6290153846153846,0.522514631312563,0.7360329379950667,0.6290153846153846,1.0667678464407104,13,5000,0
R1_t6,knn50,lead10,clean,0.6267384615384616,0.5230068007270076,0.7316058095626189,0.6267384615384616,1.0651643242455109,13,5000,0
R1_t6,knn50,lead15,scorer,0.6641538461538462,0.5441010733938377,0.7830832394405709,0.6641538461538462,1.0949965757993048,13,5000,0
R1_t6,knn50,lead15,clean,0.6627692307692308,0.5436040744963817,0.7820746332375998,0.6627692307692308,1.093350621322124,13,5000,0
R1_t6,knn50,lead20,scorer,0.6447384615384616,0.5237497956628026,0.7676687663418211,0.6447384615384616,1.0876895635009773,13,5000,0
R1_t6,knn50,lead20,clean,0.6452615384615384,0.5230545210899901,0.7688286282097605,0.6452615384615384,1.0860545926285612,13,5000,0
R1_t6,knn50,lead25,scorer,0.6453230769230769,0.5306478979056422,0.7636132030236249,0.6453230769230769,1.0874964618915193,13,5000,0
R1_t6,knn50,lead25,clean,0.6438923076923077,0.5285728673864426,0.7621676731366603,0.6438923076923077,1.0858617812816167,13,5000,0
R1_t6,knn50,lead50,scorer,0.6972769230769231,0.5719073031369368,0.8239707316517253,0.6972769230769231,1.1166361793462414,13,5000,0
R1_t6,knn50,lead50,clean,0.6953538461538461,0.5731427142982282,0.8235299985461012,0.6953538461538461,1.11495769709397,13,5000,0
R1_t9,epi,fall,scorer,0.993616,0.9850692150535189,0.9991918814905137,0.993616,2.4857472245331618,25,5000,0
R1_t9,epi,fall,clean,0.994832,0.9872473091420937,0.9995519514914981,0.994832,2.502429868362589,25,5000,0
R1_t9,epi,pre1,scorer,0.992272,0.9829828880487639,0.9984634518955029,0.99228,2.336356853492802,25,5000,0
R1_t9,epi,pre1,clean,0.9938,0.9851708951154786,0.9992912494911165,0.9938,2.3520368908113922,25,5000,0
R1_t9,epi,pre5,scorer,0.930944,0.8882506191868411,0.9682595728389505,0.930944,1.7005031820861063,25,5000,0
R1_t9,epi,pre5,clean,0.93552,0.8942698656782223,0.9722261868047246,0.93552,1.7119158022582472,25,5000,0
R1_t9,epi,lead0,scorer,0.993616,0.9850692150535189,0.9991918814905137,0.993616,2.4857472245331618,25,5000,0
R1_t9,epi,lead0,clean,0.994832,0.9872473091420937,0.9995519514914981,0.994832,2.502429868362589,25,5000,0
R1_t9,epi,lead1,scorer,0.992272,0.9829828880487639,0.9984634518955029,0.99228,2.336356853492802,25,5000,0
R1_t9,epi,lead1,clean,0.9938,0.9851708951154786,0.9992912494911165,0.9938,2.3520368908113922,25,5000,0
R1_t9,epi,lead2,scorer,0.980424,0.9622509158318773,0.9959143196365943,0.980424,2.009138721899921,25,5000,0
R1_t9,epi,lead2,clean,0.983424,0.9660686332285665,0.9979682532308444,0.983424,2.022622693789968,25,5000,0
R1_t9,epi,lead3,scorer,0.970976,0.9442530861066422,0.9934370707534216,0.970976,1.9894445409982404,25,5000,0
R1_t9,epi,lead3,clean,0.97388,0.9476065173439775,0.9957789649074359,0.97388,2.0027963389478916,25,5000,0
R1_t9,epi,lead5,scorer,0.930944,0.8882506191868411,0.9682595728389505,0.930944,1.7005031820861063,25,5000,0
R1_t9,epi,lead5,clean,0.93552,0.8942698656782223,0.9722261868047246,0.93552,1.7119158022582472,25,5000,0
R1_t9,epi,lead10,scorer,0.890128,0.8349346072429773,0.9348909121463798,0.890136,1.4486259437448592,25,5000,0
R1_t9,epi,lead10,clean,0.896632,0.8412429507736797,0.9416518440426735,0.896632,1.4583481352947674,25,5000,0
R1_t9,epi,lead15,scorer,0.88058,0.8257032741691227,0.9308391304021028,0.880576,1.4044520781370522,25,5000,0
R1_t9,epi,lead15,clean,0.887256,0.8320837971933541,0.937502761506253,0.887256,1.41387780476115,25,5000,0
R1_t9,epi,lead20,scorer,0.802516,0.7320122135510453,0.8675770723511691,0.80252,1.2751675513867748,25,5000,0
R1_t9,epi,lead20,clean,0.809736,0.738233890260243,0.8768333401457259,0.809736,1.2837256082449593,25,5000,0
R1_t9,epi,lead25,scorer,0.782204,0.7103085701063868,0.8524855651350902,0.782192,1.3234287585955025,25,5000,0
R1_t9,epi,lead25,clean,0.787344,0.714506029603286,0.8593786211805764,0.787344,1.3323107118349018,25,5000,0
R1_t9,epi,lead50,scorer,0.6216761904761905,0.522160814676674,0.7238649018914963,0.6216666666666667,1.0922867976264454,21,5000,0
R1_t9,epi,lead50,clean,0.6259285714285714,0.5259643268454453,0.7293522990630756,0.6259142857142858,1.0996174833150556,21,5000,0
R1_t9,alea,fall,scorer,0.497564,0.3676371773517209,0.6262660108277888,0.497608,1.0000040166629143,25,5000,0
R1_t9,alea,fall,clean,0.497636,0.3679485431182188,0.6256964819079134,0.497632,1.0000040469990508,25,5000,0
R1_t9,alea,pre1,scorer,0.316048,0.18706148721760554,0.4519476951401655,0.316088,0.9999786122368418,25,5000,0
R1_t9,alea,pre1,clean,0.315588,0.1849252267896171,0.4508634304911866,0.315568,0.9999786425722076,25,5000,0
R1_t9,alea,pre5,scorer,0.49112,0.3341306554247548,0.6444311414995725,0.49128,1.0000053547828873,25,5000,0
R1_t9,alea,pre5,clean,0.4907,0.33356829854515285,0.6434344310769902,0.49068,1.0000053851190642,25,5000,0
R1_t9,alea,lead0,scorer,0.497564,0.3676371773517209,0.6262660108277888,0.497608,1.0000040166629143,25,5000,0
R1_t9,alea,lead0,clean,0.497636,0.3679485431182188,0.6256964819079134,0.497632,1.0000040469990508,25,5000,0
R1_t9,alea,lead1,scorer,0.316048,0.18706148721760554,0.4519476951401655,0.316088,0.9999786122368418,25,5000,0
R1_t9,alea,lead1,clean,0.315588,0.1849252267896171,0.4508634304911866,0.315568,0.9999786425722076,25,5000,0
R1_t9,alea,lead2,scorer,0.447016,0.3020020236794925,0.5858809482116832,0.446984,0.9999957695555444,25,5000,0
R1_t9,alea,lead2,clean,0.44698,0.30170045546217783,0.5872993405604364,0.447032,0.9999957998914307,25,5000,0
R1_t9,alea,lead3,scorer,0.352156,0.21575829178172606,0.46829004898669163,0.352232,0.9999815703952388,25,5000,0
R1_t9,alea,lead3,clean,0.352244,0.21459044484940562,0.46994047778704334,0.352472,0.9999816007306944,25,5000,0
R1_t9,alea,lead5,scorer,0.49112,0.3341306554247548,0.6444311414995725,0.49128,1.0000053547828873,25,5000,0
R1_t9,alea,lead5,clean,0.4907,0.33356829854515285,0.6434344310769902,0.49068,1.0000053851190642,25,5000,0
R1_t9,alea,lead10,scorer,0.724804,0.6091757014215232,0.8344872702873347,0.724848,1.0000200145423526,25,5000,0
R1_t9,alea,lead10,clean,0.723116,0.6096669512077861,0.8337510489887466,0.72328,1.0000200448789744,25,5000,0
R1_t9,alea,lead15,scorer,0.61852,0.49072356784034254,0.7328683548185082,0.618448,1.0001503601338944,25,5000,0
R1_t9,alea,lead15,clean,0.61824,0.49008266539664014,0.7324506276314058,0.618184,1.0001503904744704,25,5000,0
R1_t9,alea,lead20,scorer,0.787752,0.6607286808196248,0.902594162912289,0.787736,1.0003701612294982,25,5000,0
R1_t9,alea,lead20,clean,0.78762,0.6622306806916635,0.9020562292639468,0.787712,1.000370191576742,25,5000,0
R1_t9,alea,lead25,scorer,0.891472,0.7719423738123629,0.9793671622367472,0.89156,1.0005979632501623,25,5000,0
R1_t9,alea,lead25,clean,0.890688,0.7699817982611155,0.9783369263965739,0.890696,1.0005979936043166,25,5000,0
R1_t9,alea,lead50,scorer,0.7841619047619047,0.6648910278697026,0.8953612374767331,0.7843238095238095,1.0000788564631777,21,5000,0
R1_t9,alea,lead50,clean,0.7819857142857143,0.6676600389137114,0.8938881465523325,0.7819904761904762,1.0000788868015846,21,5000,0
R1_t9,term,fall,scorer,0.998176,0.9950517373065855,0.9998596201407344,0.998248,45.243396024530455,25,5000,0
R1_t9,term,fall,clean,0.998416,0.9953277476548457,1.0,0.998472,48.31867473028638,25,5000,0
R1_t9,term,pre1,scorer,0.919148,0.820922329317269,0.9955482796733385,0.919176,37.75662980390189,25,5000,0
R1_t9,term,pre1,clean,0.920324,0.8230268383842655,0.9964000027784828,0.920328,40.32301893114809,25,5000,0
R1_t9,term,pre5,scorer,0.725516,0.5830741228847268,0.8737159177596843,0.725528,23.646675448780563,25,5000,0
R1_t9,term,pre5,clean,0.727316,0.5838735210884722,0.8759683654788509,0.727328,25.25398444543785,25,5000,0
R1_t9,term,lead0,scorer,0.998176,0.9950517373065855,0.9998596201407344,0.998248,45.243396024530455,25,5000,0
R1_t9,term,lead0,clean,0.998416,0.9953277476548457,1.0,0.998472,48.31867473028638,25,5000,0
R1_t9,term,lead1,scorer,0.919148,0.820922329317269,0.9955482796733385,0.919176,37.75662980390189,25,5000,0
R1_t9,term,lead1,clean,0.920324,0.8230268383842655,0.9964000027784828,0.920328,40.32301893114809,25,5000,0
R1_t9,term,lead2,scorer,0.901984,0.7936573409584953,0.9902477340199913,0.901992,27.238829518202877,25,5000,0
R1_t9,term,lead2,clean,0.903116,0.7951969349473528,0.9914805611569446,0.90312,29.090303981826864,25,5000,0
R1_t9,term,lead3,scorer,0.78432,0.6621699448077615,0.9152589270763832,0.784336,29.969139956273903,25,5000,0
R1_t9,term,lead3,clean,0.785708,0.6643120278413547,0.9164637257569658,0.785704,32.006198754587324,25,5000,0
R1_t9,term,lead5,scorer,0.725516,0.5830741228847268,0.8737159177596843,0.725528,23.646675448780563,25,5000,0
R1_t9,term,lead5,clean,0.727316,0.5838735210884722,0.8759683654788509,0.727328,25.25398444543785,25,5000,0
R1_t9,term,lead10,scorer,0.660384,0.49206008040170135,0.8432436003571625,0.660384,3.415499558731924,25,5000,0
R1_t9,term,lead10,clean,0.662552,0.492635532121868,0.8462040371889755,0.662552,3.64765748641693,25,5000,0
R1_t9,term,lead15,scorer,0.66728,0.5098996134384447,0.8427086074782507,0.66728,1.8107761517583836,25,5000,0
R1_t9,term,lead15,clean,0.670856,0.5128959043209212,0.847064514101286,0.670856,1.9338580118683975,25,5000,0
R1_t9,term,lead20,scorer,0.656264,0.505612205702976,0.8169997227322275,0.656272,1.810776125451272,25,5000,0
R1_t9,term,lead20,clean,0.6608,0.5098990330514113,0.8219736394743863,0.6608,1.933857983773142,25,5000,0
R1_t9,term,lead25,scorer,0.58492,0.44598350024857686,0.7293804141818818,0.58492,1.8107769852916022,25,5000,0
R1_t9,term,lead25,clean,0.589936,0.44964710363309374,0.7361934217575684,0.589936,1.9338589020584365,25,5000,0
R1_t9,term,lead50,scorer,0.4436,0.3126095648760558,0.5596335255866369,0.4435904761904762,2.15568560162128,21,5000,0
R1_t9,term,lead50,clean,0.44926666666666665,0.3191934486937097,0.5667955413399873,0.4492857142857143,2.3022116056236372,21,5000,0
R1_t9,term_logit,fall,scorer,0.998208,0.9950575724939145,0.9998884435877005,0.998208,18259816265106.203,25,5000,0
R1_t9,term_logit,fall,clean,0.998456,0.9954491034334606,1.0,0.998456,18259816265106.203,25,5000,0
R1_t9,term_logit,pre1,scorer,0.91916,0.8209302309236948,0.9955882189675377,0.91916,6062739734649.658,25,5000,0
R1_t9,term_logit,pre1,clean,0.920352,0.8230579878715518,0.9964000027784828,0.920352,6062739734649.658,25,5000,0
R1_t9,term_logit,pre5,scorer,0.725528,0.5830685463918326,0.8737276999522595,0.725528,-8941671450138.092,25,5000,0
R1_t9,term_logit,pre5,clean,0.727336,0.5838735210884722,0.8760044708800274,0.727336,-8941671450138.092,25,5000,0
R1_t9,term_logit,lead0,scorer,0.998208,0.9950575724939145,0.9998884435877005,0.998208,18259816265106.203,25,5000,0
R1_t9,term_logit,lead0,clean,0.998456,0.9954491034334606,1.0,0.998456,18259816265106.203,25,5000,0
R1_t9,term_logit,lead1,scorer,0.91916,0.8209302309236948,0.9955882189675377,0.91916,6062739734649.658,25,5000,0
R1_t9,term_logit,lead1,clean,0.920352,0.8230579878715518,0.9964000027784828,0.920352,6062739734649.658,25,5000,0
R1_t9,term_logit,lead2,scorer,0.901992,0.7936706536860104,0.9902783400187671,0.901992,1441556472778.3203,25,5000,0
R1_t9,term_logit,lead2,clean,0.90312,0.7952069892974024,0.9914803835446226,0.90312,1441556472778.3203,25,5000,0
R1_t9,term_logit,lead3,scorer,0.784328,0.6621831075838345,0.9152790170915435,0.784328,-3008361437320.7095,25,5000,0
R1_t9,term_logit,lead3,clean,0.78572,0.6643209521631063,0.9164637257569658,0.78572,-3008361437320.7095,25,5000,0
R1_t9,term_logit,lead5,scorer,0.725528,0.5830685463918326,0.8737276999522595,0.725528,-8941671450138.092,25,5000,0
R1_t9,term_logit,lead5,clean,0.727336,0.5838735210884722,0.8760044708800274,0.727336,-8941671450138.092,25,5000,0
R1_t9,term_logit,lead10,scorer,0.660384,0.49206008040170135,0.8432436003571625,0.660384,-26527543964385.99,25,5000,0
R1_t9,term_logit,lead10,clean,0.662552,0.492635532121868,0.8462040371889755,0.662552,-26527543964385.99,25,5000,0
R1_t9,term_logit,lead15,scorer,0.667276,0.5098995170919055,0.8427077009512564,0.66728,-26935201606750.49,25,5000,0
R1_t9,term_logit,lead15,clean,0.67084,0.5128959043209212,0.8469204115030605,0.67084,-26935201606750.49,25,5000,0
R1_t9,term_logit,lead20,scorer,0.65626,0.505612092811695,0.8169636895692411,0.656272,-27944470939636.23,25,5000,0
R1_t9,term_logit,lead20,clean,0.660808,0.5098990330514113,0.8220135368045501,0.660808,-27944470939636.23,25,5000,0
R1_t9,term_logit,lead25,scorer,0.584924,0.4459835965951161,0.7293841921542585,0.584928,-29833979911804.2,25,5000,0
R1_t9,term_logit,lead25,clean,0.589936,0.44964710363309374,0.7361934217575684,0.589936,-29833979911804.2,25,5000,0
R1_t9,term_logit,lead50,scorer,0.4436095238095238,0.3126098800868688,0.559644818844924,0.4436095238095238,-31334408442179.363,21,5000,0
R1_t9,term_logit,lead50,clean,0.44927142857142854,0.3191934486937097,0.5668015395332697,0.4492857142857143,-31334408442179.363,21,5000,0
R1_t9,knn1,fall,scorer,0.318136,0.2129207316939746,0.43105290870196367,0.318136,0.8970558378014405,25,5000,0
R1_t9,knn1,fall,clean,0.321216,0.21624814054282843,0.4345108458981451,0.321216,0.8978520739199384,25,5000,0
R1_t9,knn1,pre1,scorer,0.41176,0.305303351558973,0.5193425466392934,0.41176,0.9453901048559243,25,5000,0
R1_t9,knn1,pre1,clean,0.410304,0.302660586465975,0.5169683922703591,0.410304,0.9462292429740171,25,5000,0
R1_t9,knn1,pre5,scorer,0.561896,0.45547617649643,0.6691116906393451,0.561896,1.0457388394843252,25,5000,0
R1_t9,knn1,pre5,clean,0.556368,0.44913597335491673,0.6662462148528122,0.556368,1.0466670481859754,25,5000,0
R1_t9,knn1,lead0,scorer,0.318136,0.2129207316939746,0.43105290870196367,0.318136,0.8970558378014405,25,5000,0
R1_t9,knn1,lead0,clean,0.321216,0.21624814054282843,0.4345108458981451,0.321216,0.8978520739199384,25,5000,0
R1_t9,knn1,lead1,scorer,0.41176,0.305303351558973,0.5193425466392934,0.41176,0.9453901048559243,25,5000,0
R1_t9,knn1,lead1,clean,0.410304,0.302660586465975,0.5169683922703591,0.410304,0.9462292429740171,25,5000,0
R1_t9,knn1,lead2,scorer,0.466032,0.36534657010397703,0.5722967015364433,0.466032,0.9806938590340692,25,5000,0
R1_t9,knn1,lead2,clean,0.463704,0.36537145706974666,0.5719256735798373,0.463704,0.9815643331326112,25,5000,0
R1_t9,knn1,lead3,scorer,0.52908,0.4213533213602059,0.6454210674102216,0.52908,1.0226870592868995,25,5000,0
R1_t9,knn1,lead3,clean,0.5252,0.41574867774724805,0.6409006605947972,0.5252,1.0235948069880019,25,5000,0
R1_t9,knn1,lead5,scorer,0.561896,0.45547617649643,0.6691116906393451,0.561896,1.0457388394843252,25,5000,0
R1_t9,knn1,lead5,clean,0.556368,0.44913597335491673,0.6662462148528122,0.556368,1.0466670481859754,25,5000,0
R1_t9,knn1,lead10,scorer,0.741504,0.624673513728992,0.8462573761222312,0.741504,1.2138242725627038,25,5000,0
R1_t9,knn1,lead10,clean,0.740584,0.6226318367666023,0.8465973052297239,0.740584,1.214901675647993,25,5000,0
R1_t9,knn1,lead15,scorer,0.85822,0.7691378164783457,0.9397766452420683,0.858224,1.3816938495664604,25,5000,0
R1_t9,knn1,lead15,clean,0.85896,0.7670170816191478,0.9405621929494555,0.85896,1.382920255439285,25,5000,0
R1_t9,knn1,lead20,scorer,0.8437,0.7519965163975886,0.9209153188273989,0.84372,1.2991256110238707,25,5000,0
R1_t9,knn1,lead20,clean,0.843704,0.7496819882392229,0.9216891451879864,0.843704,1.3002787284669253,25,5000,0
R1_t9,knn1,lead25,scorer,0.836756,0.7525051812395867,0.9085037992718876,0.836744,1.2425301288434063,25,5000,0
R1_t9,knn1,lead25,clean,0.836456,0.7488904383375701,0.9131163158960776,0.836456,1.2436330115461507,25,5000,0
R1_t9,knn1,lead50,scorer,0.5072857142857143,0.3755476147322633,0.6242881152713948,0.5072857142857143,1.003718111647909,21,5000,0
R1_t9,knn1,lead50,clean,0.505652380952381,0.3744780907330132,0.6207322394659822,0.5056666666666667,1.0046090223132287,21,5000,0
R1_t9,knn5,fall,scorer,0.388112,0.2905114339169468,0.4883547511267321,0.388112,0.9390400120043877,25,5000,0
R1_t9,knn5,fall,clean,0.387016,0.29013990923405697,0.4861497842665059,0.387016,0.9403891863208143,25,5000,0
R1_t9,knn5,pre1,scorer,0.448768,0.34196855202843507,0.5591505424766099,0.448768,0.9745731551625924,25,5000,0
R1_t9,knn5,pre1,clean,0.446064,0.3380723750756739,0.5585152026319502,0.446064,0.9759733820470864,25,5000,0
R1_t9,knn5,pre5,scorer,0.595728,0.48475435368880465,0.7043912040527113,0.595728,1.0625225028693566,25,5000,0
R1_t9,knn5,pre5,clean,0.591232,0.48194757127756366,0.7049503071838464,0.591232,1.064049091782684,25,5000,0
R1_t9,knn5,lead0,scorer,0.388112,0.2905114339169468,0.4883547511267321,0.388112,0.9390400120043877,25,5000,0
R1_t9,knn5,lead0,clean,0.387016,0.29013990923405697,0.4861497842665059,0.387016,0.9403891863208143,25,5000,0
R1_t9,knn5,lead1,scorer,0.448768,0.34196855202843507,0.5591505424766099,0.448768,0.9745731551625924,25,5000,0
R1_t9,knn5,lead1,clean,0.446064,0.3380723750756739,0.5585152026319502,0.446064,0.9759733820470864,25,5000,0
R1_t9,knn5,lead2,scorer,0.51132,0.41172119105110033,0.6193763445562319,0.511312,1.0118736654211098,25,5000,0
R1_t9,knn5,lead2,clean,0.508272,0.40820489187424613,0.6179572449771922,0.508272,1.0133274841544995,25,5000,0
R1_t9,knn5,lead3,scorer,0.566504,0.45549151264690285,0.6845812597774379,0.566504,1.044008559218876,25,5000,0
R1_t9,knn5,lead3,clean,0.563056,0.4505645155356147,0.6806589534962003,0.563056,1.0455085480545179,25,5000,0
R1_t9,knn5,lead5,scorer,0.595728,0.48475435368880465,0.7043912040527113,0.595728,1.0625225028693566,25,5000,0
R1_t9,knn5,lead5,clean,0.591232,0.48194757127756366,0.7049503071838464,0.591232,1.064049091782684,25,5000,0
R1_t9,knn5,lead10,scorer,0.780952,0.6675977757139104,0.8776235982552926,0.78096,1.2378023138150263,25,5000,0
R1_t9,knn5,lead10,clean,0.77964,0.6662587064160876,0.8794220626305831,0.77964,1.2395807375981065,25,5000,0
R1_t9,knn5,lead15,scorer,0.880732,0.8002799063090839,0.9519475512188289,0.880736,1.3926025046655437,25,5000,0
R1_t9,knn5,lead15,clean,0.881128,0.8004769782291192,0.9534699290764403,0.881128,1.394603339037101,25,5000,0
R1_t9,knn5,lead20,scorer,0.86674,0.7861791240931305,0.9325841863580144,0.866752,1.3080975393334782,25,5000,0
R1_t9,knn5,lead20,clean,0.865656,0.7860824746376307,0.9330884949378724,0.865656,1.3099769604240474,25,5000,0
R1_t9,knn5,lead25,scorer,0.851628,0.7754467740297213,0.9155117990017321,0.851632,1.2425228990120014,25,5000,0
R1_t9,knn5,lead25,clean,0.852472,0.773000508466893,0.9188376143024037,0.852472,1.2443081051389913,25,5000,0
R1_t9,knn5,lead50,scorer,0.5128,0.38739896686515796,0.6240250757594011,0.5127904761904762,1.0026947802790604,21,5000,0
R1_t9,knn5,lead50,clean,0.512347619047619,0.38132707364845947,0.6255844393491407,0.5123619047619048,1.0041354111653629,21,5000,0
R1_t9,knn10,fall,scorer,0.4316,0.3306740830537567,0.5328128603160608,0.4316,0.9641927793675751,25,5000,0
R1_t9,knn10,fall,clean,0.428752,0.32753455784862895,0.5306985548281944,0.428752,0.9656821823161393,25,5000,0
R1_t9,knn10,pre1,scorer,0.492424,0.3881675734114688,0.599686257121481,0.492416,1.0027157847391455,25,5000,0
R1_t9,knn10,pre1,clean,0.4894,0.38052928208024417,0.5995260869648292,0.4894,1.0042646947479321,25,5000,0
R1_t9,knn10,pre5,scorer,0.624232,0.5122933674847389,0.7329932185655443,0.624232,1.078729578384569,25,5000,0
R1_t9,knn10,pre5,clean,0.620632,0.5082664445733437,0.7335624891125897,0.620632,1.0803959080326744,25,5000,0
R1_t9,knn10,lead0,scorer,0.4316,0.3306740830537567,0.5328128603160608,0.4316,0.9641927793675751,25,5000,0
R1_t9,knn10,lead0,clean,0.428752,0.32753455784862895,0.5306985548281944,0.428752,0.9656821823161393,25,5000,0
R1_t9,knn10,lead1,scorer,0.492424,0.3881675734114688,0.599686257121481,0.492416,1.0027157847391455,25,5000,0
R1_t9,knn10,lead1,clean,0.4894,0.38052928208024417,0.5995260869648292,0.4894,1.0042646947479321,25,5000,0
R1_t9,knn10,lead2,scorer,0.54364,0.4429235005987974,0.6520993586788302,0.54364,1.0318579242209813,25,5000,0
R1_t9,knn10,lead2,clean,0.540136,0.4386142410975286,0.6486058504456651,0.540136,1.0334518505267167,25,5000,0
R1_t9,knn10,lead3,scorer,0.59792,0.4880696838692938,0.7111880913358902,0.59792,1.0614589027947166,25,5000,0
R1_t9,knn10,lead3,clean,0.59404,0.4816918263553349,0.7057241958554323,0.59404,1.0630985541729805,25,5000,0
R1_t9,knn10,lead5,scorer,0.624232,0.5122933674847389,0.7329932185655443,0.624232,1.078729578384569,25,5000,0
R1_t9,knn10,lead5,clean,0.620632,0.5082664445733437,0.7335624891125897,0.620632,1.0803959080326744,25,5000,0
R1_t9,knn10,lead10,scorer,0.800592,0.6937344553754515,0.8915591948335775,0.8006,1.2510937142660752,25,5000,0
R1_t9,knn10,lead10,clean,0.799576,0.6908841137143212,0.8938850411013276,0.799576,1.253026297362352,25,5000,0
R1_t9,knn10,lead15,scorer,0.89546,0.8214476000168182,0.9606075559312007,0.895464,1.3990511183724288,25,5000,0
R1_t9,knn10,lead15,clean,0.896248,0.8205352135329965,0.9620578604088631,0.896248,1.40121225347475,25,5000,0
R1_t9,knn10,lead20,scorer,0.888972,0.8203022417057649,0.9445978517667807,0.888984,1.319884525858524,25,5000,0
R1_t9,knn10,lead20,clean,0.889456,0.8192730927097881,0.9469715973028631,0.889456,1.3219233711461513,25,5000,0
R1_t9,knn10,lead25,scorer,0.878292,0.8147298121450532,0.9313585201484392,0.878296,1.258556699973227,25,5000,0
R1_t9,knn10,lead25,clean,0.879664,0.8113480178051832,0.9342694442150332,0.879664,1.2605008112546916,25,5000,0
R1_t9,knn10,lead50,scorer,0.5350857142857143,0.41222331388938027,0.6459808535313629,0.5350857142857143,1.0151935892500579,21,5000,0
R1_t9,knn10,lead50,clean,0.5328809523809523,0.40923408290956464,0.6450045311567051,0.5328666666666667,1.0167617739093378,21,5000,0
R1_t9,knn50,fall,scorer,0.541344,0.4389872153322185,0.6379787967386905,0.541344,1.0356085618431283,25,5000,0
R1_t9,knn50,fall,clean,0.538904,0.4322161040431045,0.6429124910111242,0.538904,1.0372279229770467,25,5000,0
R1_t9,knn50,pre1,scorer,0.61112,0.5072228036713629,0.7122671114971543,0.61112,1.0805361952199897,25,5000,0
R1_t9,knn50,pre1,clean,0.60924,0.4990942948512552,0.7141344391178094,0.60924,1.0822258088276806,25,5000,0
R1_t9,knn50,pre5,scorer,0.733864,0.6389673175465542,0.8246395402808441,0.733864,1.1366181207117265,25,5000,0
R1_t9,knn50,pre5,clean,0.731256,0.634959599312692,0.8245156789354643,0.731256,1.1383954285446323,25,5000,0
R1_t9,knn50,lead0,scorer,0.541344,0.4389872153322185,0.6379787967386905,0.541344,1.0356085618431283,25,5000,0
R1_t9,knn50,lead0,clean,0.538904,0.4322161040431045,0.6429124910111242,0.538904,1.0372279229770467,25,5000,0
R1_t9,knn50,lead1,scorer,0.61112,0.5072228036713629,0.7122671114971543,0.61112,1.0805361952199897,25,5000,0
R1_t9,knn50,lead1,clean,0.60924,0.4990942948512552,0.7141344391178094,0.60924,1.0822258088276806,25,5000,0
R1_t9,knn50,lead2,scorer,0.656768,0.5571897169205378,0.7538053886004973,0.65676,1.098801933300161,25,5000,0
R1_t9,knn50,lead2,clean,0.654928,0.5547225594703439,0.7542156079932629,0.654928,1.1005201086901886,25,5000,0
R1_t9,knn50,lead3,scorer,0.703208,0.5986662437356456,0.7994020017246245,0.703208,1.121880511936678,25,5000,0
R1_t9,knn50,lead3,clean,0.702064,0.5950518236642042,0.8004792212350452,0.702064,1.1236347748549929,25,5000,0
R1_t9,knn50,lead5,scorer,0.733864,0.6389673175465542,0.8246395402808441,0.733864,1.1366181207117265,25,5000,0
R1_t9,knn50,lead5,clean,0.731256,0.634959599312692,0.8245156789354643,0.731256,1.1383954285446323,25,5000,0
R1_t9,knn50,lead10,scorer,0.861416,0.7750406084300571,0.9348753834637846,0.861416,1.2903065695976175,25,5000,0
R1_t9,knn50,lead10,clean,0.8616,0.7743436814467995,0.9355727380334216,0.8616,1.2923241970937898,25,5000,0
R1_t9,knn50,lead15,scorer,0.935628,0.880892641737351,0.9797197900186269,0.935632,1.4265329946681895,25,5000,0
R1_t9,knn50,lead15,clean,0.936992,0.882293589526756,0.9813175396512089,0.936992,1.4287636367977856,25,5000,0
R1_t9,knn50,lead20,scorer,0.934068,0.8856758952626955,0.9698644668520391,0.934064,1.3522521742462563,25,5000,0
R1_t9,knn50,lead20,clean,0.935384,0.8885054515142042,0.9721691171052107,0.935384,1.3543666648896455,25,5000,0
R1_t9,knn50,lead25,scorer,0.916452,0.8657569852995514,0.9577864770131113,0.916456,1.2919309546877777,25,5000,0
R1_t9,knn50,lead25,clean,0.918648,0.8663110892814251,0.9616483955323339,0.918648,1.293951122203585,25,5000,0
R1_t9,knn50,lead50,scorer,0.6259333333333333,0.5133781703160858,0.7355811336224367,0.6259238095238095,1.0665685887718763,21,5000,0
R1_t9,knn50,lead50,clean,0.6242142857142857,0.5097639885686683,0.7323254866706307,0.6242095238095238,1.0682363615027635,21,5000,0
R2_t6,epi,fall,scorer,0.9681384615384615,0.9418032258783824,0.98788061736855,0.9681384615384615,4.794129324913169,13,5000,0
R2_t6,epi,fall,clean,0.9651538461538461,0.9396078177710045,0.9863816843062829,0.9651538461538461,4.712116408257322,13,5000,0
R2_t6,epi,pre1,scorer,0.9490153846153846,0.9131543796973817,0.9755006890401517,0.949,2.762613365382833,13,5000,0
R2_t6,epi,pre1,clean,0.9450153846153846,0.9090213078033754,0.9726607148434341,0.9450153846153846,2.715353484738796,13,5000,0
R2_t6,epi,pre5,scorer,0.9283615384615385,0.8899701883405946,0.9635125746173321,0.9283692307692307,2.976152910547946,13,5000,0
R2_t6,epi,pre5,clean,0.9240153846153846,0.8861753558672472,0.9598304717520071,0.9240153846153846,2.9252400202052877,13,5000,0
R2_t6,epi,lead0,scorer,0.9681384615384615,0.9418032258783824,0.98788061736855,0.9681384615384615,4.794129324913169,13,5000,0
R2_t6,epi,lead0,clean,0.9651538461538461,0.9396078177710045,0.9863816843062829,0.9651538461538461,4.712116408257322,13,5000,0
R2_t6,epi,lead1,scorer,0.9490153846153846,0.9131543796973817,0.9755006890401517,0.949,2.762613365382833,13,5000,0
R2_t6,epi,lead1,clean,0.9450153846153846,0.9090213078033754,0.9726607148434341,0.9450153846153846,2.715353484738796,13,5000,0
R2_t6,epi,lead2,scorer,0.9463923076923076,0.9140159780673456,0.9723991797742783,0.9463846153846154,2.7490617207843293,13,5000,0
R2_t6,epi,lead2,clean,0.9424153846153847,0.9089557547954018,0.9695874320275532,0.9424153846153847,2.702033667407286,13,5000,0
R2_t6,epi,lead3,scorer,0.926823076923077,0.8942384919537057,0.9575035715867571,0.9268307692307692,2.670984955255086,13,5000,0
R2_t6,epi,lead3,clean,0.9216307692307693,0.8883507538085753,0.953390474991434,0.9216307692307693,2.625292556974127,13,5000,0
R2_t6,epi,lead5,scorer,0.9283615384615385,0.8899701883405946,0.9635125746173321,0.9283692307692307,2.976152910547946,13,5000,0
R2_t6,epi,lead5,clean,0.9240153846153846,0.8861753558672472,0.9598304717520071,0.9240153846153846,2.9252400202052877,13,5000,0
R2_t6,epi,lead10,scorer,0.9306461538461539,0.8952940729339968,0.9631888446599851,0.9306461538461539,2.500359779317484,13,5000,0
R2_t6,epi,lead10,clean,0.9264307692307693,0.8901416994276128,0.9606846068800884,0.9264307692307693,2.457586256891801,13,5000,0
R2_t6,epi,lead15,scorer,0.9083076923076923,0.8588630541871921,0.9537282425342374,0.9083076923076923,2.4830007486341117,13,5000,0
R2_t6,epi,lead15,clean,0.9056076923076923,0.85754752362786,0.9517153416166046,0.9056153846153846,2.4405241862276887,13,5000,0
R2_t6,epi,lead20,scorer,0.9089384615384616,0.8620422347611792,0.9514729246863733,0.9089384615384616,2.3788790668300757,13,5000,0
R2_t6,epi,lead20,clean,0.9058307692307692,0.859445324622386,0.9470386532702814,0.9058307692307692,2.3381837085241526,13,5000,0
R2_t6,epi,lead25,scorer,0.8886923076923077,0.8297597622600564,0.9393545002524619,0.8886923076923077,2.2373066668139576,13,5000,0
R2_t6,epi,lead25,clean,0.8843538461538462,0.8265868142262512,0.9347130393674745,0.8843538461538462,2.1990331800630956,13,5000,0
R2_t6,epi,lead50,scorer,0.8354615384615385,0.7571919508433961,0.9080318245020939,0.8354461538461538,1.793070415608916,13,5000,0
R2_t6,epi,lead50,clean,0.8324769230769231,0.7520433041469216,0.9026157355081904,0.8324769230769231,1.7623964548984248,13,5000,0
R2_t6,alea,fall,scorer,0.8005307692307693,0.7124306269144672,0.8869205474123758,0.8005230769230769,1.0017269121437278,13,5000,0
R2_t6,alea,fall,clean,0.8005307692307693,0.7075116366088376,0.8872277046848078,0.8005230769230769,1.0016673381003474,13,5000,0
R2_t6,alea,pre1,scorer,0.8248076923076924,0.7131797914848119,0.9232341826312951,0.8248153846153846,1.0033628245812134,13,5000,0
R2_t6,alea,pre1,clean,0.8255153846153847,0.7118975215682638,0.9231885618513402,0.8255076923076923,1.0033031532479257,13,5000,0
R2_t6,alea,pre5,scorer,0.811976923076923,0.7106827688910834,0.9057684530335707,0.8119846153846154,1.0036521113793162,13,5000,0
R2_t6,alea,pre5,clean,0.8117769230769231,0.7065905883380631,0.9059617584340802,0.8117538461538462,1.0035924228417543,13,5000,0
R2_t6,alea,lead0,scorer,0.8005307692307693,0.7124306269144672,0.8869205474123758,0.8005230769230769,1.0017269121437278,13,5000,0
R2_t6,alea,lead0,clean,0.8005307692307693,0.7075116366088376,0.8872277046848078,0.8005230769230769,1.0016673381003474,13,5000,0
R2_t6,alea,lead1,scorer,0.8248076923076924,0.7131797914848119,0.9232341826312951,0.8248153846153846,1.0033628245812134,13,5000,0
R2_t6,alea,lead1,clean,0.8255153846153847,0.7118975215682638,0.9231885618513402,0.8255076923076923,1.0033031532479257,13,5000,0
R2_t6,alea,lead2,scorer,0.8172615384615385,0.7189080953683472,0.9026685104719865,0.8172615384615385,1.0042850840416144,13,5000,0
R2_t6,alea,lead2,clean,0.8173,0.7141517579188316,0.9019517335142532,0.8172923076923077,1.0042253578603193,13,5000,0
R2_t6,alea,lead3,scorer,0.8419461538461539,0.7478889681289395,0.9227966893079982,0.8419384615384615,1.0052810240643717,13,5000,0
R2_t6,alea,lead3,clean,0.8424538461538461,0.747537903798367,0.9234234439695503,0.8424461538461538,1.0052212386531874,13,5000,0
R2_t6,alea,lead5,scorer,0.811976923076923,0.7106827688910834,0.9057684530335707,0.8119846153846154,1.0036521113793162,13,5000,0
R2_t6,alea,lead5,clean,0.8117769230769231,0.7065905883380631,0.9059617584340802,0.8117538461538462,1.0035924228417543,13,5000,0
R2_t6,alea,lead10,scorer,0.8640307692307693,0.7745472050498032,0.9404420646006526,0.8640307692307693,1.0065163120574268,13,5000,0
R2_t6,alea,lead10,clean,0.8635461538461539,0.7744526482867191,0.9407188506881985,0.8635538461538461,1.006456453182008,13,5000,0
R2_t6,alea,lead15,scorer,0.8851846153846153,0.79528093326265,0.9534633703239297,0.8852,1.0078961988966533,13,5000,0
R2_t6,alea,lead15,clean,0.884723076923077,0.7951423546587973,0.9524072034362238,0.884723076923077,1.0078362579575129,13,5000,0
R2_t6,alea,lead20,scorer,0.846376923076923,0.7204757780141435,0.9492837755565924,0.8463538461538461,1.006823355653243,13,5000,0
R2_t6,alea,lead20,clean,0.8466923076923077,0.718135153391355,0.949335168117545,0.8467384615384616,1.00676347851753,13,5000,0
R2_t6,alea,lead25,scorer,0.8722769230769231,0.7860171694313214,0.9413729130983882,0.8722769230769231,1.0075534832951707,13,5000,0
R2_t6,alea,lead25,clean,0.8719230769230769,0.787491944401908,0.9411133099741242,0.8719230769230769,1.007493562737787,13,5000,0
R2_t6,alea,lead50,scorer,0.8914153846153846,0.82411344176744,0.9526719490683563,0.8914,1.0055445295960979,13,5000,0
R2_t6,alea,lead50,clean,0.8917692307692308,0.8234319811059502,0.9546096879867829,0.8917692307692308,1.0054847285138857,13,5000,0
R2_t6,term,fall,scorer,0.9926,0.9854955458370205,0.9980120368840321,0.9949692307692307,52.63117396232558,13,5000,0
R2_t6,term,fall,clean,0.9932,0.985441214574009,0.9988004858020813,0.9898307692307692,57.39877326296949,13,5000,0
R2_t6,term,pre1,scorer,0.7679538461538462,0.5144926465916093,0.9910778942303438,0.7694153846153846,36.4369665893027,13,5000,0
R2_t6,term,pre1,clean,0.7686615384615385,0.5155274253724117,0.9912085559622716,0.7682461538461538,39.73761225897928,13,5000,0
R2_t6,term,pre5,scorer,0.6886,0.41327627498021674,0.9220018840650832,0.6904307692307692,32.38841474725859,13,5000,0
R2_t6,term,pre5,clean,0.689076923076923,0.41412875940420396,0.9232895237679887,0.6900461538461539,35.32232200930309,13,5000,0
R2_t6,term,lead0,scorer,0.9926,0.9854955458370205,0.9980120368840321,0.9949692307692307,52.63117396232558,13,5000,0
R2_t6,term,lead0,clean,0.9932,0.985441214574009,0.9988004858020813,0.9898307692307692,57.39877326296949,13,5000,0
R2_t6,term,lead1,scorer,0.7679538461538462,0.5144926465916093,0.9910778942303438,0.7694153846153846,36.4369665893027,13,5000,0
R2_t6,term,lead1,clean,0.7686615384615385,0.5155274253724117,0.9912085559622716,0.7682461538461538,39.73761225897928,13,5000,0
R2_t6,term,lead2,scorer,0.6081384615384615,0.3346045953045963,0.8648330952229613,0.6095692307692308,20.227517196878072,13,5000,0
R2_t6,term,lead2,clean,0.6087538461538462,0.33542841191781786,0.8651912750136433,0.6068153846153846,22.05982853598348,13,5000,0
R2_t6,term,lead3,scorer,0.4667076923076923,0.19732927834325076,0.7491793195615092,0.4665846153846154,20.24275921627919,13,5000,0
R2_t6,term,lead3,clean,0.467,0.19917225056130022,0.7491750907246678,0.46752307692307693,22.0764512549884,13,5000,0
R2_t6,term,lead5,scorer,0.6886,0.41327627498021674,0.9220018840650832,0.6904307692307692,32.38841474725859,13,5000,0
R2_t6,term,lead5,clean,0.689076923076923,0.41412875940420396,0.9232895237679887,0.6900461538461539,35.32232200930309,13,5000,0
R2_t6,term,lead10,scorer,0.5670461538461539,0.3125681075136028,0.8219976951315549,0.5691692307692308,24.429148349162464,13,5000,0
R2_t6,term,lead10,clean,0.5679846153846154,0.3140545494811848,0.8233231962242601,0.5699384615384615,26.64206479803673,13,5000,0
R2_t6,term,lead15,scorer,0.4571846153846154,0.19837594602442876,0.7221258792567802,0.45787692307692307,16.193748399343903,13,5000,0
R2_t6,term,lead15,clean,0.4573076923076923,0.198224556559264,0.7222403194072502,0.4570923076923077,17.660660454142082,13,5000,0
R2_t6,term,lead20,scorer,0.37822307692307694,0.12573500708306443,0.6501201846847401,0.37953846153846155,12.145655529770433,13,5000,0
R2_t6,term,lead20,clean,0.3783384615384615,0.1247381212911257,0.6518898939612063,0.3760769230769231,13.245870752996222,13,5000,0
R2_t6,term,lead25,scorer,0.5319846153846154,0.2535466145909712,0.8055241309453419,0.532,20.242449371138196,13,5000,0
R2_t6,term,lead25,clean,0.5323384615384615,0.25240519310628806,0.8062402641364869,0.532676923076923,22.076113342499358,13,5000,0
R2_t6,term,lead50,scorer,0.44726923076923075,0.20038644881953085,0.6951627934039191,0.4481230769230769,8.097103686511698,13,5000,0
R2_t6,term,lead50,clean,0.4474,0.19953308718159507,0.6968800483438065,0.44804615384615387,8.830580501995383,13,5000,0
R2_t6,term_logit,fall,scorer,0.9985692307692308,0.9957823837675619,0.9999281335142794,0.9985692307692308,163969197786771.34,13,5000,0
R2_t6,term_logit,fall,clean,0.9986615384615385,0.9959398022269056,1.0,0.9986615384615385,163969197786771.34,13,5000,0
R2_t6,term_logit,pre1,scorer,0.7691384615384615,0.5148372371167117,0.9919540788078438,0.7691538461538462,28961428128756.008,13,5000,0
R2_t6,term_logit,pre1,clean,0.7699846153846154,0.516226575419659,0.9928424258433758,0.7699846153846154,28961428128756.008,13,5000,0
R2_t6,term_logit,pre5,scorer,0.6895461538461538,0.4141869809241463,0.9236650673757436,0.6895384615384615,9430107116699.219,13,5000,0
R2_t6,term_logit,pre5,clean,0.6902,0.4142391266464798,0.9243671995651175,0.6902,9430107116699.219,13,5000,0
R2_t6,term_logit,lead0,scorer,0.9985692307692308,0.9957823837675619,0.9999281335142794,0.9985692307692308,163969197786771.34,13,5000,0
R2_t6,term_logit,lead0,clean,0.9986615384615385,0.9959398022269056,1.0,0.9986615384615385,163969197786771.34,13,5000,0
R2_t6,term_logit,lead1,scorer,0.7691384615384615,0.5148372371167117,0.9919540788078438,0.7691538461538462,28961428128756.008,13,5000,0
R2_t6,term_logit,lead1,clean,0.7699846153846154,0.516226575419659,0.9928424258433758,0.7699846153846154,28961428128756.008,13,5000,0
R2_t6,term_logit,lead2,scorer,0.6098538461538462,0.3373913661872252,0.8656645479404291,0.6098615384615385,-17280349474686.844,13,5000,0
R2_t6,term_logit,lead2,clean,0.6107384615384616,0.337479016033489,0.8659587852816393,0.6107384615384616,-17280349474686.844,13,5000,0
R2_t6,term_logit,lead3,scorer,0.46797692307692307,0.19832294679864204,0.7507444080492037,0.4679846153846154,-12939632415771.484,13,5000,0
R2_t6,term_logit,lead3,clean,0.46844615384615385,0.19998750288962433,0.751056237356669,0.46844615384615385,-12939632415771.484,13,5000,0
R2_t6,term_logit,lead5,scorer,0.6895461538461538,0.4141869809241463,0.9236650673757436,0.6895384615384615,9430107116699.219,13,5000,0
R2_t6,term_logit,lead5,clean,0.6902,0.4142391266464798,0.9243671995651175,0.6902,9430107116699.219,13,5000,0
R2_t6,term_logit,lead10,scorer,0.5665384615384615,0.3119734826783116,0.8218495982792019,0.5665384615384615,-19499218904055.082,13,5000,0
R2_t6,term_logit,lead10,clean,0.5675076923076923,0.3118527376809458,0.8237894285357255,0.5675076923076923,-19499218904055.082,13,5000,0
R2_t6,term_logit,lead15,scorer,0.45695384615384615,0.1986668088350061,0.7222119384784141,0.45695384615384615,-43250473609337.44,13,5000,0
R2_t6,term_logit,lead15,clean,0.45721538461538463,0.1984736718599881,0.7238307470605876,0.45721538461538463,-43250473609337.44,13,5000,0
R2_t6,term_logit,lead20,scorer,0.37623076923076926,0.12262411417307899,0.6493438735473411,0.3762153846153846,-53880872286283.055,13,5000,0
R2_t6,term_logit,lead20,clean,0.37653846153846154,0.12114111176518676,0.6513527409490149,0.37653846153846154,-53880872286283.055,13,5000,0
R2_t6,term_logit,lead25,scorer,0.5306307692307692,0.2498556422498472,0.8055510049001084,0.5306307692307692,-34717504721421.465,13,5000,0
R2_t6,term_logit,lead25,clean,0.5311384615384616,0.24892986033278555,0.8060598150169077,0.5311384615384616,-34717504721421.465,13,5000,0
R2_t6,term_logit,lead50,scorer,0.4474,0.20159523582648065,0.6955671104714973,0.4474,-47065295292780.95,13,5000,0
R2_t6,term_logit,lead50,clean,0.44753846153846155,0.20017727210358818,0.6963525355574374,0.44753846153846155,-47065295292780.95,13,5000,0
R2_t6,knn1,fall,scorer,0.8994153846153846,0.849770118229111,0.939423617808276,0.8994153846153846,1.4110168911850494,13,5000,0
R2_t6,knn1,fall,clean,0.8937692307692308,0.8430193389894698,0.9358272238816826,0.8937692307692308,1.4042191885024038,13,5000,0
R2_t6,knn1,pre1,scorer,0.9210153846153846,0.8822493229393272,0.9517769588910117,0.921,1.4962904056320274,13,5000,0
R2_t6,knn1,pre1,clean,0.9154153846153846,0.874007230439496,0.9482228483510696,0.9154153846153846,1.4890818900090577,13,5000,0
R2_t6,knn1,pre5,scorer,0.9289615384615385,0.8911150133455779,0.9604688737703593,0.9289538461538461,1.4810797204372994,13,5000,0
R2_t6,knn1,pre5,clean,0.9237076923076923,0.8837789898540076,0.9568404916362658,0.9237076923076923,1.4739444836788131,13,5000,0
R2_t6,knn1,lead0,scorer,0.8994153846153846,0.849770118229111,0.939423617808276,0.8994153846153846,1.4110168911850494,13,5000,0
R2_t6,knn1,lead0,clean,0.8937692307692308,0.8430193389894698,0.9358272238816826,0.8937692307692308,1.4042191885024038,13,5000,0
R2_t6,knn1,lead1,scorer,0.9210153846153846,0.8822493229393272,0.9517769588910117,0.921,1.4962904056320274,13,5000,0
R2_t6,knn1,lead1,clean,0.9154153846153846,0.874007230439496,0.9482228483510696,0.9154153846153846,1.4890818900090577,13,5000,0
R2_t6,knn1,lead2,scorer,0.9343769230769231,0.8999007900014129,0.9604839369740137,0.9343692307692307,1.4911070531887805,13,5000,0
R2_t6,knn1,lead2,clean,0.93,0.893036799554508,0.9581555127030446,0.93,1.4839235088393856,13,5000,0
R2_t6,knn1,lead3,scorer,0.9350384615384615,0.8944740578996094,0.96400175193335,0.9350461538461539,1.5055378925999718,13,5000,0
R2_t6,knn1,lead3,clean,0.9309538461538461,0.8893366341167828,0.9620901808631457,0.9309538461538461,1.4982848263643465,13,5000,0
R2_t6,knn1,lead5,scorer,0.9289615384615385,0.8911150133455779,0.9604688737703593,0.9289538461538461,1.4810797204372994,13,5000,0
R2_t6,knn1,lead5,clean,0.9237076923076923,0.8837789898540076,0.9568404916362658,0.9237076923076923,1.4739444836788131,13,5000,0
R2_t6,knn1,lead10,scorer,0.9395538461538462,0.9057115349549635,0.9677823036208043,0.9395538461538462,1.534781299662769,13,5000,0
R2_t6,knn1,lead10,clean,0.9359692307692308,0.9014460723672867,0.9651458419081227,0.9359692307692308,1.527387350644037,13,5000,0
R2_t6,knn1,lead15,scorer,0.9353076923076923,0.8997300009264233,0.9652718609429423,0.9353076923076923,1.5301800870115114,13,5000,0
R2_t6,knn1,lead15,clean,0.9311384615384616,0.8944170576125681,0.9627198290013151,0.9311384615384616,1.522808304754764,13,5000,0
R2_t6,knn1,lead20,scorer,0.9157846153846154,0.875771927277299,0.951133180957383,0.9157692307692308,1.5229315256459883,13,5000,0
R2_t6,knn1,lead20,clean,0.9104,0.8656328421136424,0.9483929522855374,0.9104,1.5155946639953282,13,5000,0
R2_t6,knn1,lead25,scorer,0.9327692307692308,0.8921834310099487,0.9655798676715945,0.9327692307692308,1.6038386433249516,13,5000,0
R2_t6,knn1,lead25,clean,0.9285384615384615,0.8826385011078544,0.9640575956431107,0.9285384615384615,1.5961120042489982,13,5000,0
R2_t6,knn1,lead50,scorer,0.9497230769230769,0.9193610488615558,0.9741719808229975,0.9497384615384615,1.5874333043521,13,5000,0
R2_t6,knn1,lead50,clean,0.9457230769230769,0.9121484808977568,0.9728687141219853,0.9457230769230769,1.5797856994942643,13,5000,0
R2_t6,knn5,fall,scorer,0.9286,0.8884979754674944,0.9595382856532444,0.9286,1.5212733936539957,13,5000,0
R2_t6,knn5,fall,clean,0.9248461538461539,0.883468246533529,0.9571538605545435,0.9248461538461539,1.5130772813660835,13,5000,0
R2_t6,knn5,pre1,scorer,0.9381384615384616,0.9051936366600112,0.9641885920966738,0.9381384615384616,1.5577649779578577,13,5000,0
R2_t6,knn5,pre1,clean,0.9333384615384616,0.8970220020355721,0.9615019118308592,0.9333384615384616,1.5493722612175402,13,5000,0
R2_t6,knn5,pre5,scorer,0.9509461538461539,0.9202054734214448,0.9730741531915718,0.9509538461538461,1.5509997885968108,13,5000,0
R2_t6,knn5,pre5,clean,0.9476461538461538,0.9160546367096687,0.9717700054477205,0.9476461538461538,1.5426435204342988,13,5000,0
R2_t6,knn5,lead0,scorer,0.9286,0.8884979754674944,0.9595382856532444,0.9286,1.5212733936539957,13,5000,0
R2_t6,knn5,lead0,clean,0.9248461538461539,0.883468246533529,0.9571538605545435,0.9248461538461539,1.5130772813660835,13,5000,0
R2_t6,knn5,lead1,scorer,0.9381384615384616,0.9051936366600112,0.9641885920966738,0.9381384615384616,1.5577649779578577,13,5000,0
R2_t6,knn5,lead1,clean,0.9333384615384616,0.8970220020355721,0.9615019118308592,0.9333384615384616,1.5493722612175402,13,5000,0
R2_t6,knn5,lead2,scorer,0.9479461538461539,0.9190505195683317,0.9694134387514856,0.9479384615384615,1.545156183606051,13,5000,0
R2_t6,knn5,lead2,clean,0.9441384615384616,0.914206931427968,0.967425617521896,0.9441384615384616,1.5368313988329614,13,5000,0
R2_t6,knn5,lead3,scorer,0.9528076923076924,0.9201445864597235,0.9756027984640407,0.9528153846153846,1.5751033134037074,13,5000,0
R2_t6,knn5,lead3,clean,0.9492615384615385,0.9159524330780933,0.9739099796140939,0.9492615384615385,1.56661718351044,13,5000,0
R2_t6,knn5,lead5,scorer,0.9509461538461539,0.9202054734214448,0.9730741531915718,0.9509538461538461,1.5509997885968108,13,5000,0
R2_t6,knn5,lead5,clean,0.9476461538461538,0.9160546367096687,0.9717700054477205,0.9476461538461538,1.5426435204342988,13,5000,0
R2_t6,knn5,lead10,scorer,0.9532461538461539,0.9255926332194319,0.9771608744169346,0.9532461538461539,1.599391954253381,13,5000,0
R2_t6,knn5,lead10,clean,0.9500461538461539,0.9201406649425009,0.9756288705816197,0.9500461538461539,1.590774965286028,13,5000,0
R2_t6,knn5,lead15,scorer,0.9529538461538462,0.9239422849969141,0.9758251644105357,0.9529538461538462,1.5950871490788696,13,5000,0
R2_t6,knn5,lead15,clean,0.9492307692307692,0.9191714168132363,0.9728872009383291,0.9492307692307692,1.5864933529621477,13,5000,0
R2_t6,knn5,lead20,scorer,0.9371692307692308,0.9037073162602111,0.9657175552224092,0.9371692307692308,1.5875863285739924,13,5000,0
R2_t6,knn5,lead20,clean,0.9320923076923077,0.8956830929277789,0.962436532513623,0.9320923076923077,1.5790329443696631,13,5000,0
R2_t6,knn5,lead25,scorer,0.9430923076923077,0.9060154871094455,0.9719159688942212,0.9430923076923077,1.6389215496969094,13,5000,0
R2_t6,knn5,lead25,clean,0.9394153846153847,0.9003231996656402,0.9707819049093731,0.9394153846153847,1.630091588489128,13,5000,0
R2_t6,knn5,lead50,scorer,0.9524615384615385,0.9203821893757828,0.97786084878281,0.9524769230769231,1.6173412742740823,13,5000,0
R2_t6,knn5,lead50,clean,0.9490461538461539,0.9150669691475866,0.9763098735164738,0.9490461538461539,1.6086275803732208,13,5000,0
R2_t6,knn10,fall,scorer,0.9411692307692308,0.9052947857481012,0.9677404243041551,0.9411692307692308,1.5711373009244616,13,5000,0
R2_t6,knn10,fall,clean,0.9376,0.9012487847405426,0.9656594079553793,0.9376,1.5622335608774713,13,5000,0
R2_t6,knn10,pre1,scorer,0.9449692307692308,0.9137740729723224,0.9685407967390905,0.9449692307692308,1.5907066799360288,13,5000,0
R2_t6,knn10,pre1,clean,0.9407538461538462,0.907432404183066,0.9666122311985784,0.9407538461538462,1.5816920389108124,13,5000,0
R2_t6,knn10,pre5,scorer,0.9605307692307692,0.9331682782526992,0.9803203474545396,0.9605230769230769,1.586999026631136,13,5000,0
R2_t6,knn10,pre5,clean,0.9579538461538462,0.9299927214752224,0.9788925054062404,0.9579538461538462,1.578005397124895,13,5000,0
R2_t6,knn10,lead0,scorer,0.9411692307692308,0.9052947857481012,0.9677404243041551,0.9411692307692308,1.5711373009244616,13,5000,0
R2_t6,knn10,lead0,clean,0.9376,0.9012487847405426,0.9656594079553793,0.9376,1.5622335608774713,13,5000,0
R2_t6,knn10,lead1,scorer,0.9449692307692308,0.9137740729723224,0.9685407967390905,0.9449692307692308,1.5907066799360288,13,5000,0
R2_t6,knn10,lead1,clean,0.9407538461538462,0.907432404183066,0.9666122311985784,0.9407538461538462,1.5816920389108124,13,5000,0
R2_t6,knn10,lead2,scorer,0.9531615384615385,0.925782779894268,0.9731113121481546,0.9531692307692308,1.5809563876823167,13,5000,0
R2_t6,knn10,lead2,clean,0.9495230769230769,0.921248008391513,0.9715311719380775,0.9495230769230769,1.571997002214688,13,5000,0
R2_t6,knn10,lead3,scorer,0.9609923076923077,0.9327863816180695,0.9798425018657232,0.961,1.6125908963998044,13,5000,0
R2_t6,knn10,lead3,clean,0.9571538461538461,0.9288785901029737,0.9784886455319622,0.9571538461538461,1.6034522360578736,13,5000,0
R2_t6,knn10,lead5,scorer,0.9605307692307692,0.9331682782526992,0.9803203474545396,0.9605230769230769,1.586999026631136,13,5000,0
R2_t6,knn10,lead5,clean,0.9579538461538462,0.9299927214752224,0.9788925054062404,0.9579538461538462,1.578005397124895,13,5000,0
R2_t6,knn10,lead10,scorer,0.9585384615384616,0.9328062091025066,0.9802727603623589,0.9585384615384616,1.6391302793308233,13,5000,0
R2_t6,knn10,lead10,clean,0.9552,0.9274778597603306,0.9782715020730605,0.9552,1.6298412185328113,13,5000,0
R2_t6,knn10,lead15,scorer,0.9588,0.932152751002701,0.9801670975461139,0.9588,1.6403486316325335,13,5000,0
R2_t6,knn10,lead15,clean,0.9557692307692308,0.9280614349838607,0.9782899090608979,0.9557692307692308,1.6310526663506335,13,5000,0
R2_t6,knn10,lead20,scorer,0.9471538461538461,0.9166734364580273,0.9719786137161226,0.9471538461538461,1.6308028155821213,13,5000,0
R2_t6,knn10,lead20,clean,0.9428307692307693,0.9096317446658022,0.970047369470004,0.9428307692307693,1.621560947077504,13,5000,0
R2_t6,knn10,lead25,scorer,0.947076923076923,0.9117829749338271,0.9744058275846712,0.947076923076923,1.6672462250023323,13,5000,0
R2_t6,knn10,lead25,clean,0.9433384615384616,0.9063728167742121,0.9737646355771605,0.9433384615384616,1.6577978292618634,13,5000,0
R2_t6,knn10,lead50,scorer,0.9555692307692307,0.9239108147692782,0.9801770120727328,0.9555692307692307,1.6479280377438186,13,5000,0
R2_t6,knn10,lead50,clean,0.9517692307692308,0.91686901874217,0.9784881332961699,0.9517692307692308,1.63858911946113,13,5000,0
R2_t6,knn50,fall,scorer,0.9650461538461539,0.943317675259528,0.9813964861027118,0.9650461538461539,1.6949085812439817,13,5000,0
R2_t6,knn50,fall,clean,0.9616769230769231,0.9394536649302931,0.979151256718343,0.9616769230769231,1.6852626994788475,13,5000,0
R2_t6,knn50,pre1,scorer,0.9620461538461539,0.9387836521928002,0.9797670598551643,0.9620615384615384,1.6925065523222216,13,5000,0
R2_t6,knn50,pre1,clean,0.9589538461538462,0.9343026218150734,0.9776347948155188,0.9589538461538462,1.6828743407262234,13,5000,0
R2_t6,knn50,pre5,scorer,0.9757,0.9596613839012725,0.9879501816692798,0.9757076923076923,1.698728978735886,13,5000,0
R2_t6,knn50,pre5,clean,0.9735538461538461,0.9572539863106672,0.9864846358611569,0.9735538461538461,1.6890613547346744,13,5000,0
R2_t6,knn50,lead0,scorer,0.9650461538461539,0.943317675259528,0.9813964861027118,0.9650461538461539,1.6949085812439817,13,5000,0
R2_t6,knn50,lead0,clean,0.9616769230769231,0.9394536649302931,0.979151256718343,0.9616769230769231,1.6852626994788475,13,5000,0
R2_t6,knn50,lead1,scorer,0.9620461538461539,0.9387836521928002,0.9797670598551643,0.9620615384615384,1.6925065523222216,13,5000,0
R2_t6,knn50,lead1,clean,0.9589538461538462,0.9343026218150734,0.9776347948155188,0.9589538461538462,1.6828743407262234,13,5000,0
R2_t6,knn50,lead2,scorer,0.9693923076923077,0.9515318592514376,0.983423909168221,0.9694,1.6907353951756072,13,5000,0
R2_t6,knn50,lead2,clean,0.9667538461538462,0.9490078948501778,0.9815143738067077,0.9667538461538462,1.681113263399024,13,5000,0
R2_t6,knn50,lead3,scorer,0.976176923076923,0.9604209005602669,0.9875886525690104,0.9761692307692308,1.718410109305791,13,5000,0
R2_t6,knn50,lead3,clean,0.9742461538461539,0.9581330005666494,0.9864305261869162,0.9742461538461539,1.708630478167096,13,5000,0
R2_t6,knn50,lead5,scorer,0.9757,0.9596613839012725,0.9879501816692798,0.9757076923076923,1.698728978735886,13,5000,0
R2_t6,knn50,lead5,clean,0.9735538461538461,0.9572539863106672,0.9864846358611569,0.9735538461538461,1.6890613547346744,13,5000,0
R2_t6,knn50,lead10,scorer,0.9685076923076923,0.9459546692527037,0.9854915309880401,0.9685076923076923,1.7436881131127395,13,5000,0
R2_t6,knn50,lead10,clean,0.966076923076923,0.94122043180412,0.9843376149264297,0.966076923076923,1.7337646225124317,13,5000,0
R2_t6,knn50,lead15,scorer,0.9700769230769231,0.9480100175791922,0.9868259045044682,0.9700769230769231,1.7496871934325868,13,5000,0
R2_t6,knn50,lead15,clean,0.9673076923076923,0.9432279590426541,0.9853645036150105,0.9673076923076923,1.7397295615103783,13,5000,0
R2_t6,knn50,lead20,scorer,0.9641692307692308,0.93949565607691,0.9824450932274497,0.9641692307692308,1.7429638498978575,13,5000,0
R2_t6,knn50,lead20,clean,0.9611846153846154,0.9335435646665514,0.9814025304430926,0.9611846153846154,1.7330444811466068,13,5000,0
R2_t6,knn50,lead25,scorer,0.9600615384615384,0.9317839237725876,0.9818198573802105,0.9600615384615384,1.7637063483536344,13,5000,0
R2_t6,knn50,lead25,clean,0.9566923076923077,0.9243773465009908,0.9811496052170273,0.9566923076923077,1.7536689321219288,13,5000,0
R2_t6,knn50,lead50,scorer,0.9634461538461538,0.9338001895178707,0.9862286470154695,0.9634615384615385,1.7351568098292944,13,5000,0
R2_t6,knn50,lead50,clean,0.9602923076923077,0.9277711241953769,0.985055036976912,0.9602923076923077,1.725281871666378,13,5000,0
R2_t9,epi,fall,scorer,0.99188,0.9849231144833933,0.9967628736174657,0.99188,4.282289465909182,25,5000,0
R2_t9,epi,fall,clean,0.994024,0.9881915015958099,0.9978006279526341,0.994024,4.306840528326944,25,5000,0
R2_t9,epi,pre1,scorer,0.975544,0.9548581442460359,0.9892565058465109,0.975536,3.513072990774947,25,5000,0
R2_t9,epi,pre1,clean,0.978344,0.9592212844922495,0.9911916531868981,0.978344,3.533214009956694,25,5000,0
R2_t9,epi,pre5,scorer,0.938384,0.9049151440047108,0.9660366859752125,0.938384,2.5167966180949164,25,5000,0
R2_t9,epi,pre5,clean,0.9418,0.9097869378329889,0.9683117772559713,0.9418,2.5312258226957645,25,5000,0
R2_t9,epi,lead0,scorer,0.99188,0.9849231144833933,0.9967628736174657,0.99188,4.282289465909182,25,5000,0
R2_t9,epi,lead0,clean,0.994024,0.9881915015958099,0.9978006279526341,0.994024,4.306840528326944,25,5000,0
R2_t9,epi,lead1,scorer,0.975544,0.9548581442460359,0.9892565058465109,0.975536,3.513072990774947,25,5000,0
R2_t9,epi,lead1,clean,0.978344,0.9592212844922495,0.9911916531868981,0.978344,3.533214009956694,25,5000,0
R2_t9,epi,lead2,scorer,0.971488,0.9510637688684782,0.9871482490073099,0.971488,3.16776785751488,25,5000,0
R2_t9,epi,lead2,clean,0.97484,0.9556230790141952,0.9895681968666754,0.97484,3.1859291861718897,25,5000,0
R2_t9,epi,lead3,scorer,0.958184,0.9358852049507062,0.9779498210634363,0.958184,2.9852162793048027,25,5000,0
R2_t9,epi,lead3,clean,0.960912,0.9387864675656039,0.9799796261191709,0.960912,3.0023310100550678,25,5000,0
R2_t9,epi,lead5,scorer,0.938384,0.9049151440047108,0.9660366859752125,0.938384,2.5167966180949164,25,5000,0
R2_t9,epi,lead5,clean,0.9418,0.9097869378329889,0.9683117772559713,0.9418,2.5312258226957645,25,5000,0
R2_t9,epi,lead10,scorer,0.901528,0.8625008626496427,0.9363379810677955,0.90152,1.819867439850769,25,5000,0
R2_t9,epi,lead10,clean,0.90472,0.8637866171648224,0.940477350262647,0.90472,1.830301036052875,25,5000,0
R2_t9,epi,lead15,scorer,0.853948,0.8018044896356831,0.9011778196970427,0.853952,1.547246072848748,25,5000,0
R2_t9,epi,lead15,clean,0.856744,0.8044563924567976,0.9051509373977141,0.856744,1.556116686386799,25,5000,0
R2_t9,epi,lead20,scorer,0.765676,0.6912815312964906,0.8334509400932814,0.76568,1.3005951600984194,25,5000,0
R2_t9,epi,lead20,clean,0.765584,0.6907817025189847,0.8345647492906371,0.765584,1.308051683813132,25,5000,0
R2_t9,epi,lead25,scorer,0.75254,0.6828742183252546,0.8197882850822324,0.752552,1.2443950565151878,25,5000,0
R2_t9,epi,lead25,clean,0.753296,0.6843756603255645,0.8214547996823364,0.753296,1.2515293758899226,25,5000,0
R2_t9,epi,lead50,scorer,0.6651809523809524,0.5952797165691698,0.7367012631636461,0.6651904761904762,1.0752802396833265,21,5000,0
R2_t9,epi,lead50,clean,0.6631666666666667,0.5965683456206777,0.7331031013400289,0.6631523809523809,1.0814449962910275,21,5000,0
R2_t9,alea,fall,scorer,0.539384,0.4452983218762585,0.638300917903436,0.5394,0.9982010748503519,25,5000,0
R2_t9,alea,fall,clean,0.532984,0.4339987491352702,0.6363868497293028,0.533016,0.9982067976403902,25,5000,0
R2_t9,alea,pre1,scorer,0.557428,0.45505756767627226,0.6621488377511631,0.557416,0.9982478622057132,25,5000,0
R2_t9,alea,pre1,clean,0.551584,0.44737541360592603,0.6610480247594429,0.551592,0.9982535852639882,25,5000,0
R2_t9,alea,pre5,scorer,0.629052,0.5386044027772124,0.7208306500314948,0.62904,1.0005016039719958,25,5000,0
R2_t9,alea,pre5,clean,0.621408,0.5277289104928282,0.7132015079188541,0.621416,1.0005073399512057,25,5000,0
R2_t9,alea,lead0,scorer,0.539384,0.4452983218762585,0.638300917903436,0.5394,0.9982010748503519,25,5000,0
R2_t9,alea,lead0,clean,0.532984,0.4339987491352702,0.6363868497293028,0.533016,0.9982067976403902,25,5000,0
R2_t9,alea,lead1,scorer,0.557428,0.45505756767627226,0.6621488377511631,0.557416,0.9982478622057132,25,5000,0
R2_t9,alea,lead1,clean,0.551584,0.44737541360592603,0.6610480247594429,0.551592,0.9982535852639882,25,5000,0
R2_t9,alea,lead2,scorer,0.62628,0.525185810093372,0.7227763465139152,0.626264,0.999023668538149,25,5000,0
R2_t9,alea,lead2,clean,0.618248,0.5125596788735265,0.7181539521464169,0.61824,0.9990293960442019,25,5000,0
R2_t9,alea,lead3,scorer,0.667704,0.5816359231793811,0.7535938676081493,0.667712,0.9997304506677579,25,5000,0
R2_t9,alea,lead3,clean,0.659112,0.5705474968795194,0.7487152841808473,0.659104,0.999736182225866,25,5000,0
R2_t9,alea,lead5,scorer,0.629052,0.5386044027772124,0.7208306500314948,0.62904,1.0005016039719958,25,5000,0
R2_t9,alea,lead5,clean,0.621408,0.5277289104928282,0.7132015079188541,0.621416,1.0005073399512057,25,5000,0
R2_t9,alea,lead10,scorer,0.725888,0.6361466256219419,0.8005143703412346,0.725888,1.0032679654846062,25,5000,0
R2_t9,alea,lead10,clean,0.720992,0.6270889191684386,0.7990965902026547,0.721,1.0032737173236528,25,5000,0
R2_t9,alea,lead15,scorer,0.898744,0.8473604876203467,0.9505191829362393,0.898744,1.0282166646231257,25,5000,0
R2_t9,alea,lead15,clean,0.895824,0.8432900118020609,0.9494352271655205,0.895824,1.0282225594956456,25,5000,0
R2_t9,alea,lead20,scorer,0.953692,0.9225353344636299,0.9850962926064974,0.953696,1.0459907053391015,25,5000,0
R2_t9,alea,lead20,clean,0.952176,0.917855411008201,0.9851963637699982,0.952176,1.0459967021120358,25,5000,0
R2_t9,alea,lead25,scorer,0.931196,0.8817034915466136,0.9732337612596133,0.931192,1.0454239819289866,25,5000,0
R2_t9,alea,lead25,clean,0.929372,0.8788191255391997,0.9723124445510551,0.929368,1.045429975452837,25,5000,0
R2_t9,alea,lead50,scorer,0.7899285714285714,0.7167293832729648,0.8618387969402149,0.7899333333333334,1.0028505311973577,21,5000,0
R2_t9,alea,lead50,clean,0.7831571428571429,0.7108157060593924,0.8550801115789258,0.7831619047619047,1.0028562806432102,21,5000,0
R2_t9,term,fall,scorer,0.915852,0.7964100687716152,0.9959780731201623,0.9166,51.51126715444204,25,5000,0
R2_t9,term,fall,clean,0.916168,0.7968080696154453,0.9966451886775854,0.91292,57.44616209714132,25,5000,0
R2_t9,term,pre1,scorer,0.714108,0.5328669709537672,0.8892794614692032,0.710568,35.84331602546652,25,5000,0
R2_t9,term,pre1,clean,0.714044,0.5306160200828343,0.8906036357700213,0.713808,39.9730205883792,25,5000,0
R2_t9,term,pre5,scorer,0.396864,0.19118710654834725,0.6250124064227242,0.398096,18.438882649104155,25,5000,0
R2_t9,term,pre5,clean,0.394784,0.1891211691202353,0.6250244052033114,0.396016,20.563327211011167,25,5000,0
R2_t9,term,lead0,scorer,0.915852,0.7964100687716152,0.9959780731201623,0.9166,51.51126715444204,25,5000,0
R2_t9,term,lead0,clean,0.916168,0.7968080696154453,0.9966451886775854,0.91292,57.44616209714132,25,5000,0
R2_t9,term,lead1,scorer,0.714108,0.5328669709537672,0.8892794614692032,0.710568,35.84331602546652,25,5000,0
R2_t9,term,lead1,clean,0.714044,0.5306160200828343,0.8906036357700213,0.713808,39.9730205883792,25,5000,0
R2_t9,term,lead2,scorer,0.675964,0.5123004539344241,0.8586742927317633,0.67408,34.23297903424785,25,5000,0
R2_t9,term,lead2,clean,0.67564,0.5113254565894827,0.8593075139001225,0.676272,38.1771478611327,25,5000,0
R2_t9,term,lead3,scorer,0.639476,0.46214093742991685,0.8235065835907893,0.639992,29.27560054949242,25,5000,0
R2_t9,term,lead3,clean,0.639536,0.4625446075192534,0.8240488878394312,0.64212,32.64860267589582,25,5000,0
R2_t9,term,lead5,scorer,0.396864,0.19118710654834725,0.6250124064227242,0.398096,18.438882649104155,25,5000,0
R2_t9,term,lead5,clean,0.394784,0.1891211691202353,0.6250244052033114,0.396016,20.563327211011167,25,5000,0
R2_t9,term,lead10,scorer,0.202792,0.06525497017309834,0.35607553922527935,0.202984,2.2431032457594338,25,5000,0
R2_t9,term,lead10,clean,0.200636,0.062286570523898896,0.35501709042412255,0.20092,2.5015434442755367,25,5000,0
R2_t9,term,lead15,scorer,0.461216,0.3070095979036083,0.6297960289418556,0.461328,4.491150576889825,25,5000,0
R2_t9,term,lead15,clean,0.460836,0.3053355368191344,0.6302709692207064,0.460608,5.008600609050135,25,5000,0
R2_t9,term,lead20,scorer,0.521804,0.3615799121277022,0.7042521501346393,0.522168,2.239620341222363,25,5000,0
R2_t9,term,lead20,clean,0.519848,0.3587958052413371,0.702168573818771,0.519616,2.4976592552493657,25,5000,0
R2_t9,term,lead25,scorer,0.521528,0.37115445099697414,0.6865331065670252,0.521328,2.2396203221356505,25,5000,0
R2_t9,term,lead25,clean,0.51896,0.3687757779063417,0.6855280777901094,0.519224,2.497659233963569,25,5000,0
R2_t9,term,lead50,scorer,0.6343238095238095,0.5038414117108112,0.7744310713318354,0.6343238095238095,2.666213066847461,21,5000,0
R2_t9,term,lead50,clean,0.6326333333333334,0.504184718475546,0.7707189205541634,0.6326285714285714,2.97340206297813,21,5000,0
R2_t9,term_logit,fall,scorer,0.922128,0.8003326763716009,0.9996278896694032,0.922128,116104728546142.58,25,5000,0
R2_t9,term_logit,fall,clean,0.922088,0.7999961157506312,0.9998324165217877,0.922088,116104728546142.58,25,5000,0
R2_t9,term_logit,pre1,scorer,0.716576,0.5339351274682387,0.8919714221865975,0.716576,39547763671875.01,25,5000,0
R2_t9,term_logit,pre1,clean,0.71644,0.5331157491109912,0.893094775681871,0.71644,39547763671875.01,25,5000,0
R2_t9,term_logit,pre5,scorer,0.397744,0.19233554991889404,0.6258948879592956,0.397744,-27528852844238.28,25,5000,0
R2_t9,term_logit,pre5,clean,0.395848,0.1899040384605277,0.6260622242890164,0.395848,-27528852844238.28,25,5000,0
R2_t9,term_logit,lead0,scorer,0.922128,0.8003326763716009,0.9996278896694032,0.922128,116104728546142.58,25,5000,0
R2_t9,term_logit,lead0,clean,0.922088,0.7999961157506312,0.9998324165217877,0.922088,116104728546142.58,25,5000,0
R2_t9,term_logit,lead1,scorer,0.716576,0.5339351274682387,0.8919714221865975,0.716576,39547763671875.01,25,5000,0
R2_t9,term_logit,lead1,clean,0.71644,0.5331157491109912,0.893094775681871,0.71644,39547763671875.01,25,5000,0
R2_t9,term_logit,lead2,scorer,0.678984,0.5151852362262908,0.8609629405553318,0.678976,30101945536136.625,25,5000,0
R2_t9,term_logit,lead2,clean,0.678584,0.513676701490214,0.8615877014678132,0.678584,30101945536136.625,25,5000,0
R2_t9,term_logit,lead3,scorer,0.64172,0.46470443101003267,0.8277661300834731,0.64172,18100084943771.363,25,5000,0
R2_t9,term_logit,lead3,clean,0.641848,0.4638666403730894,0.8281139315850399,0.641848,18100084943771.363,25,5000,0
R2_t9,term_logit,lead5,scorer,0.397744,0.19233554991889404,0.6258948879592956,0.397744,-27528852844238.28,25,5000,0
R2_t9,term_logit,lead5,clean,0.395848,0.1899040384605277,0.6260622242890164,0.395848,-27528852844238.28,25,5000,0
R2_t9,term_logit,lead10,scorer,0.202664,0.06508620778293256,0.3560978701090446,0.202664,-73201453018188.47,25,5000,0
R2_t9,term_logit,lead10,clean,0.200688,0.062286570523898896,0.3549966873356349,0.200688,-73201453018188.47,25,5000,0
R2_t9,term_logit,lead15,scorer,0.46134,0.3072635138487392,0.6300135495687071,0.461336,-52803534088134.766,25,5000,0
R2_t9,term_logit,lead15,clean,0.460984,0.3053355368191344,0.6307121362009585,0.460984,-52803534088134.766,25,5000,0
R2_t9,term_logit,lead20,scorer,0.521924,0.3618117430967585,0.7045097752662681,0.521936,-42635256576538.086,25,5000,0
R2_t9,term_logit,lead20,clean,0.520064,0.3591287198142014,0.7024587492558967,0.520064,-42635256576538.086,25,5000,0
R2_t9,term_logit,lead25,scorer,0.52146,0.3712018213177592,0.6858831021926021,0.521464,-40759792251586.914,25,5000,0
R2_t9,term_logit,lead25,clean,0.518848,0.3687757779063417,0.6849993193366701,0.518848,-40759792251586.914,25,5000,0
R2_t9,term_logit,lead50,scorer,0.6343238095238095,0.5038414117108112,0.7744310713318354,0.6343238095238095,-35266349974132.73,21,5000,0
R2_t9,term_logit,lead50,clean,0.6326333333333334,0.504184718475546,0.7707189205541634,0.6326285714285714,-35266349974132.73,21,5000,0
R2_t9,knn1,fall,scorer,0.769208,0.6955391244718087,0.8392924839344279,0.769208,1.2508347586453703,25,5000,0
R2_t9,knn1,fall,clean,0.768656,0.6913752097278659,0.8420998964409383,0.768656,1.2530672047794889,25,5000,0
R2_t9,knn1,pre1,scorer,0.835792,0.775111475350934,0.8910014177809221,0.835792,1.3712392632865413,25,5000,0
R2_t9,knn1,pre1,clean,0.836512,0.7749172098312693,0.8955971914230516,0.836512,1.3736866031698616,25,5000,0
R2_t9,knn1,pre5,scorer,0.935832,0.8939021712297319,0.9726387462964535,0.935832,1.5476050003607074,25,5000,0
R2_t9,knn1,pre5,clean,0.938776,0.8971367059763957,0.9762544242127964,0.938776,1.5503671116438473,25,5000,0
R2_t9,knn1,lead0,scorer,0.769208,0.6955391244718087,0.8392924839344279,0.769208,1.2508347586453703,25,5000,0
R2_t9,knn1,lead0,clean,0.768656,0.6913752097278659,0.8420998964409383,0.768656,1.2530672047794889,25,5000,0
R2_t9,knn1,lead1,scorer,0.835792,0.775111475350934,0.8910014177809221,0.835792,1.3712392632865413,25,5000,0
R2_t9,knn1,lead1,clean,0.836512,0.7749172098312693,0.8955971914230516,0.836512,1.3736866031698616,25,5000,0
R2_t9,knn1,lead2,scorer,0.87168,0.8109569711485926,0.9244910507507729,0.871672,1.4200655896819756,25,5000,0
R2_t9,knn1,lead2,clean,0.873648,0.8113144161477959,0.927474138404324,0.873648,1.4226000730851343,25,5000,0
R2_t9,knn1,lead3,scorer,0.915552,0.8628063236877684,0.9609674266084958,0.915552,1.5032173051972355,25,5000,0
R2_t9,knn1,lead3,clean,0.91884,0.8634913247004256,0.965622264536868,0.91884,1.5059001948743358,25,5000,0
R2_t9,knn1,lead5,scorer,0.935832,0.8939021712297319,0.9726387462964535,0.935832,1.5476050003607074,25,5000,0
R2_t9,knn1,lead5,clean,0.938776,0.8971367059763957,0.9762544242127964,0.938776,1.5503671116438473,25,5000,0
R2_t9,knn1,lead10,scorer,0.969912,0.9405789209904463,0.9930728691623867,0.969904,1.785576155927959,25,5000,0
R2_t9,knn1,lead10,clean,0.972256,0.9427446370151943,0.9955941737100751,0.972256,1.7887629898074342,25,5000,0
R2_t9,knn1,lead15,scorer,0.970948,0.9408688257842892,0.994584472425976,0.970952,1.7505708115795835,25,5000,0
R2_t9,knn1,lead15,clean,0.973664,0.944515058661598,0.9972964332272898,0.973664,1.753695169144642,25,5000,0
R2_t9,knn1,lead20,scorer,0.959036,0.9311140689519074,0.9831151099446283,0.95904,1.6077724991159905,25,5000,0
R2_t9,knn1,lead20,clean,0.96228,0.9340619672540811,0.9857281815183082,0.96228,1.6106419952467832,25,5000,0
R2_t9,knn1,lead25,scorer,0.918164,0.8719854566153237,0.960116202535757,0.918168,1.5170038308642741,25,5000,0
R2_t9,knn1,lead25,clean,0.92056,0.8746979292256277,0.9639418981608692,0.92056,1.5197113262502546,25,5000,0
R2_t9,knn1,lead50,scorer,0.7441047619047619,0.6414370796668423,0.8393083183566222,0.7440952380952381,1.2560525475043478,21,5000,0
R2_t9,knn1,lead50,clean,0.7444714285714286,0.6387163146849556,0.8405344378804341,0.7444761904761905,1.25829430616555,21,5000,0
R2_t9,knn5,fall,scorer,0.836256,0.7748409281546038,0.890962345637028,0.836256,1.3382803088061261,25,5000,0
R2_t9,knn5,fall,clean,0.838368,0.7765691116469654,0.8949190210240193,0.838368,1.3407873375906219,25,5000,0
R2_t9,knn5,pre1,scorer,0.877552,0.8268226750056002,0.9220857042270921,0.87756,1.4236052056860107,25,5000,0
R2_t9,knn5,pre1,clean,0.879224,0.8276339906500171,0.9255322511183351,0.879224,1.4262720754030107,25,5000,0
R2_t9,knn5,pre5,scorer,0.958992,0.9200339614998427,0.9869684334813751,0.958992,1.5855984207218976,25,5000,0
R2_t9,knn5,pre5,clean,0.963128,0.9236086351506698,0.9908589029498945,0.963128,1.588568755752043,25,5000,0
R2_t9,knn5,lead0,scorer,0.836256,0.7748409281546038,0.890962345637028,0.836256,1.3382803088061261,25,5000,0
R2_t9,knn5,lead0,clean,0.838368,0.7765691116469654,0.8949190210240193,0.838368,1.3407873375906219,25,5000,0
R2_t9,knn5,lead1,scorer,0.877552,0.8268226750056002,0.9220857042270921,0.87756,1.4236052056860107,25,5000,0
R2_t9,knn5,lead1,clean,0.879224,0.8276339906500171,0.9255322511183351,0.879224,1.4262720754030107,25,5000,0
R2_t9,knn5,lead2,scorer,0.901376,0.8452516641718189,0.945971208393109,0.901384,1.4747658392751157,25,5000,0
R2_t9,knn5,lead2,clean,0.904216,0.8470861095066509,0.9502190791119773,0.904216,1.477528549288201,25,5000,0
R2_t9,knn5,lead3,scorer,0.944752,0.8985238029211289,0.9802399445491177,0.944752,1.5643591472764335,25,5000,0
R2_t9,knn5,lead3,clean,0.94808,0.8996598000266347,0.9837738577497395,0.94808,1.5672896943267818,25,5000,0
R2_t9,knn5,lead5,scorer,0.958992,0.9200339614998427,0.9869684334813751,0.958992,1.5855984207218976,25,5000,0
R2_t9,knn5,lead5,clean,0.963128,0.9236086351506698,0.9908589029498945,0.963128,1.588568755752043,25,5000,0
R2_t9,knn5,lead10,scorer,0.976032,0.9511940336028506,0.9946953232073958,0.976024,1.8160766048781882,25,5000,0
R2_t9,knn5,lead10,clean,0.978944,0.9554421691458851,0.997202455815436,0.978944,1.8194786995614316,25,5000,0
R2_t9,knn5,lead15,scorer,0.977884,0.9566033478036958,0.9953718579342336,0.97788,1.7937632776474755,25,5000,0
R2_t9,knn5,lead15,clean,0.980616,0.9587685243061956,0.9982387750321108,0.980616,1.7971235723032677,25,5000,0
R2_t9,knn5,lead20,scorer,0.966796,0.9436419465734225,0.985219033133978,0.9668,1.62534769035124,25,5000,0
R2_t9,knn5,lead20,clean,0.97032,0.947233719957882,0.9891893622712682,0.97032,1.6283924885282073,25,5000,0
R2_t9,knn5,lead25,scorer,0.925036,0.8827852437876357,0.9646844335671778,0.925024,1.5287393028852008,25,5000,0
R2_t9,knn5,lead25,clean,0.928528,0.8855116162343394,0.9689162042115884,0.928528,1.5316031225282933,25,5000,0
R2_t9,knn5,lead50,scorer,0.7445428571428572,0.6381447492820831,0.8418292645706599,0.7445428571428572,1.2581316687405468,21,5000,0
R2_t9,knn5,lead50,clean,0.7438714285714285,0.6346567831432041,0.8435994357422515,0.7438857142857143,1.2604885533838184,21,5000,0
R2_t9,knn10,fall,scorer,0.869848,0.8207568810876785,0.9149122527645265,0.869848,1.3855336558999363,25,5000,0
R2_t9,knn10,fall,clean,0.872976,0.8215984942707834,0.9189693008441928,0.872976,1.388537888038284,25,5000,0
R2_t9,knn10,pre1,scorer,0.897456,0.8516096369033529,0.9369716533811827,0.897456,1.462850268148351,25,5000,0
R2_t9,knn10,pre1,clean,0.901832,0.8562704377716573,0.9424798183838144,0.901832,1.4660221447537645,25,5000,0
R2_t9,knn10,pre5,scorer,0.969856,0.9363459797178877,0.9914037287947699,0.969856,1.6169349314853005,25,5000,0
R2_t9,knn10,pre5,clean,0.974024,0.9406057828885384,0.9951769619117374,0.974024,1.6204409075877935,25,5000,0
R2_t9,knn10,lead0,scorer,0.869848,0.8207568810876785,0.9149122527645265,0.869848,1.3855336558999363,25,5000,0
R2_t9,knn10,lead0,clean,0.872976,0.8215984942707834,0.9189693008441928,0.872976,1.388537888038284,25,5000,0
R2_t9,knn10,lead1,scorer,0.897456,0.8516096369033529,0.9369716533811827,0.897456,1.462850268148351,25,5000,0
R2_t9,knn10,lead1,clean,0.901832,0.8562704377716573,0.9424798183838144,0.901832,1.4660221447537645,25,5000,0
R2_t9,knn10,lead2,scorer,0.925688,0.8789141863189327,0.9636043770669832,0.925704,1.5139618518713032,25,5000,0
R2_t9,knn10,lead2,clean,0.929232,0.88175993995372,0.9672346298491381,0.929232,1.5172445529679213,25,5000,0
R2_t9,knn10,lead3,scorer,0.954128,0.9094576411757377,0.9866449693487297,0.954128,1.5979656792537549,25,5000,0
R2_t9,knn10,lead3,clean,0.958496,0.9130248730685913,0.9906039746287214,0.958496,1.6014305246071308,25,5000,0
R2_t9,knn10,lead5,scorer,0.969856,0.9363459797178877,0.9914037287947699,0.969856,1.6169349314853005,25,5000,0
R2_t9,knn10,lead5,clean,0.974024,0.9406057828885384,0.9951769619117374,0.974024,1.6204409075877935,25,5000,0
R2_t9,knn10,lead10,scorer,0.978832,0.9574673752743618,0.9952850238374129,0.97884,1.8413320895526735,25,5000,0
R2_t9,knn10,lead10,clean,0.98164,0.9603107914596388,0.9978231675493792,0.98164,1.8453246226948667,25,5000,0
R2_t9,knn10,lead15,scorer,0.983764,0.9679051762540725,0.9959201387125312,0.983768,1.838436732668151,25,5000,0
R2_t9,knn10,lead15,clean,0.986624,0.9705710996208404,0.9987830695041924,0.986624,1.842422987850825,25,5000,0
R2_t9,knn10,lead20,scorer,0.971044,0.9505558755181782,0.98717252242388,0.971032,1.6498783601998976,25,5000,0
R2_t9,knn10,lead20,clean,0.97532,0.9549404620952718,0.9919781854554294,0.97532,1.6534557670517416,25,5000,0
R2_t9,knn10,lead25,scorer,0.932988,0.8938716739507232,0.9688252709419918,0.932984,1.5408354120867205,25,5000,0
R2_t9,knn10,lead25,clean,0.936976,0.8988848672309423,0.9726811135192721,0.936976,1.5441763827265773,25,5000,0
R2_t9,knn10,lead50,scorer,0.7500476190476191,0.644395553926433,0.8471145725186865,0.7500380952380953,1.26424754073241,21,5000,0
R2_t9,knn10,lead50,clean,0.7486809523809523,0.6386623038320135,0.850846286119805,0.7486857142857143,1.266988789980685,21,5000,0
R2_t9,knn50,fall,scorer,0.938688,0.9134587903106257,0.9622614612494451,0.938688,1.5013434046578586,25,5000,0
R2_t9,knn50,fall,clean,0.943224,0.917057996305339,0.9675428118393236,0.943224,1.5062130354941505,25,5000,0
R2_t9,knn50,pre1,scorer,0.95104,0.9283235826611748,0.971806961830038,0.951048,1.5608958871589933,25,5000,0
R2_t9,knn50,pre1,clean,0.95568,0.9331394488433775,0.9756784629277152,0.95568,1.5659586774045622,25,5000,0
R2_t9,knn50,pre5,scorer,0.98304,0.9693832955680258,0.9931947222207859,0.98304,1.706032117962004,25,5000,0
R2_t9,knn50,pre5,clean,0.987864,0.9737604595706029,0.9974016470989044,0.987864,1.7115656598442661,25,5000,0
R2_t9,knn50,lead0,scorer,0.938688,0.9134587903106257,0.9622614612494451,0.938688,1.5013434046578586,25,5000,0
R2_t9,knn50,lead0,clean,0.943224,0.917057996305339,0.9675428118393236,0.943224,1.5062130354941505,25,5000,0
R2_t9,knn50,lead1,scorer,0.95104,0.9283235826611748,0.971806961830038,0.951048,1.5608958871589933,25,5000,0
R2_t9,knn50,lead1,clean,0.95568,0.9331394488433775,0.9756784629277152,0.95568,1.5659586774045622,25,5000,0
R2_t9,knn50,lead2,scorer,0.966624,0.942484075907216,0.9857570396666829,0.966624,1.6153628658971415,25,5000,0
R2_t9,knn50,lead2,clean,0.97152,0.94556347410096,0.9907855287867692,0.97152,1.620602320640919,25,5000,0
R2_t9,knn50,lead3,scorer,0.97652,0.9543887818781739,0.9921160942166621,0.97652,1.6928596952612434,25,5000,0
R2_t9,knn50,lead3,clean,0.981304,0.9584961915949347,0.9964820484217033,0.981304,1.6983505121842635,25,5000,0
R2_t9,knn50,lead5,scorer,0.98304,0.9693832955680258,0.9931947222207859,0.98304,1.706032117962004,25,5000,0
R2_t9,knn50,lead5,clean,0.987864,0.9737604595706029,0.9974016470989044,0.987864,1.7115656598442661,25,5000,0
R2_t9,knn50,lead10,scorer,0.98672,0.9758861490339144,0.9951744508651442,0.986728,1.9097286733344387,25,5000,0
R2_t9,knn50,lead10,clean,0.990264,0.9801372667342134,0.9978325470015651,0.990264,1.9159229081828875,25,5000,0
R2_t9,knn50,lead15,scorer,0.99158,0.9855936473892046,0.9967678010845051,0.991576,1.9675401000474135,25,5000,0
R2_t9,knn50,lead15,clean,0.994632,0.9883390977263719,0.9993880792063151,0.994632,1.9739218471634343,25,5000,0
R2_t9,knn50,lead20,scorer,0.982908,0.9697288939259765,0.9925812414787779,0.982904,1.7720358282612987,25,5000,0
R2_t9,knn50,lead20,clean,0.987648,0.9751782692084238,0.9970132575757575,0.987648,1.7777834542111939,25,5000,0
R2_t9,knn50,lead25,scorer,0.953404,0.9243471364766076,0.9791027384795117,0.953416,1.6234795169775513,25,5000,0
R2_t9,knn50,lead25,clean,0.958208,0.9293426212817165,0.9845713298137572,0.958208,1.6287452982061732,25,5000,0
R2_t9,knn50,lead50,scorer,0.7697714285714286,0.6707513850178931,0.8667307236247855,0.7697809523809523,1.306244952834246,21,5000,0
R2_t9,knn50,lead50,clean,0.7690047619047619,0.6650117957520792,0.8674696738446348,0.769,1.3104817787878138,21,5000,0
